Ibaloi_word,Pronunciation,POS,English_word,Ibaloi_synonyms,Ibaloi_sentence,English_sentence,Notes,isNew
a-adok,ah-AH-dok,av,"patiently, persuasively","adok, adohen",A-adok ja inmesel si Sarah.,Sarah spoke in a patient persuasive manner.,in a patient persuasive manner,FALSE
a-aki,ah-AH-khee,n,"relatives, family, kin",,Sinmabi a-aki to.,His/Her relatives came.,,FALSE
a-anak,ah-ah-NAK,n,children,,Man-ay-ayam eray a-anak shi pa-dok.,The kids are playing at the river.,,FALSE
a-ngem,AH-nguhm,conj,but,ngem,Owen a-ngem,"Yes, but",,FALSE
a-teg-tegan,ah-tuhg-tuhg-AN,v,"crushed, flattened, pressed down",,A-teg-tegan e sedik ni nakas ja keyow.,My foot was crushed by the fallen wood.,,TRUE
aanak,ah-ah-NAK,n,children,,Man-ay-ayam eray a-anak shi pa-dok.,The kids are playing at the river.,,TRUE
aba,AH-bah,n,taro,gabi,Eshakel e inda min aba.,We gathered many taro roots.,,FALSE
abada,ah-BAH-dah,n,shoulder,,Ensakit e abadak ni saksakbat.,My shoulders are aching from the carrying.,,FALSE
abak,ah-BAK,n,loss,,Binmunget sikato ni abak to.,The loss from his gambling made him angry.,,FALSE
abal-abal,ah-BAL-ah-BAL,n,beetle,,Shakel i abal-abal shi payo.,There are many beetle in the field,,FALSE
abang,ah-BANG,v,"embrace, hug",,Inabang tos nanang to.,She gave her mother an embrace.,,FALSE
abante,ah-BAN-teh,v,go forward,,Inabante toy dugan.,He moved the car forward.,,FALSE
abat,ah-BAT,,,,,,,FALSE
abolan,ah-boh-LAN,n,hut,calapao,,,used for shade and as a lookout for rice birds in the fields,FALSE
aburido,ah-boo-REE-doh,adj,"worried, fretful, fussy",,,,,FALSE
addak,AD-dahk,n,"liquor, wine",ufo,,,,FALSE
adibay,,,entertain;,,,,,TRUE
adigat,,,,,,,,TRUE
adirong,ah-DEE-rong,n,shadow,,,,,FALSE
adivay,ah-DEE-vay,n,"play, visit",man-adivay,mayat numan in pan adivay sha,they had a good conversation experience,,FALSE
adok,ah-DOK,v,persuade,,Apaladoy adok to numan ni semek to.,He really persuaded his love for me.,,FALSE
adoken,ah-DOH-kuhn,v,to persuade,,Apaladoy adok to numan ni semek to.,He really persuaded his love for me.,,FALSE
adonei,ah-doh-NEY,av,slowly,,Adoni e akad ni kakeb.,Turtles walk slowly.,,FALSE
afay,ah-FAY,n,see agpay,,,,,FALSE
agdalo,ag-DAH-loh,adj,more so,,,,,FALSE
aggang,AH-gang,n,hunger,,,,,FALSE
aggi,AH-gee,n,"brother, sister, sibling",,,,,FALSE
agim,,,,,,,,TRUE
agob,ag-GOB,n,"odor, smell",,,,,FALSE
agpay,ag-PAY,n,,,,,a bunch of cut reeds spread out on the ground and used for dressing an animal that has been butchered as an offering in a ceremony,FALSE
agpayso,ag-PAY-soh,adj,"TRUE, as expected, as predicted, it’s the truth",,,,,FALSE
agsapa,ag-SAH-pah,n/adj,morning,eguagua,,,,FALSE
agshan,ag-SHAN,n,"stairs, steps, ladder",,,,,FALSE
agto,ag-TOH,v,carry on one’s head,,,,,FALSE
ah’mes,AH-muhs,v,"bathe, to take a bath",,,,,FALSE
aishe,AY-sheh,av,"no, none",,,,,FALSE
ajowanan,,,,,,,,TRUE
ajowanim,,,,,,,,TRUE
akad,ah-KAD,v,"walk, go home",ekad,Adoni e akad ni kakeb.,Turtles walk slowly.,,FALSE
akalen,,,,,,,,TRUE
akan,ah-KAN,n,thing given,,,,,FALSE
akbay,ak-BAY,v,,,,,put one’s hand over someone’s shoulder; closest to a hug,FALSE
akbot,ak-BOT,n,"purse, bag, bundle",,,,,FALSE
akew,,,day;,,,,,TRUE
akow,AH-khow,n,day,,,,,FALSE
akshang,AK-shang,,,,,,,TRUE
aksiw,AK-siw,n,,,,,a pole used to hang and carry objects with,FALSE
al-al,al-AL,v,"breathe heavily, huff and puff",,,,,FALSE
ala,AH-la,v,"get, take",,,,,FALSE
alad,ah-LAD,n/v,fence,,,,,FALSE
alam,ah-LAM,v,"get it, take it",,,,,FALSE
alam-am,ah-lam-AM,n,fern,,,,,FALSE
alamre,ah-LAM-reh,n,wire,,,,,FALSE
aligua,ah-lig-WAH,av,"different, unlike, not the same",afil,,,,FALSE
alinta,ah-lin-TAH,n,leach,,,,parasites that thrive in the mud or in rice fields,FALSE
aliven,ah-LEE-vuhn,adv,not,,Aliven sikak nansulat nitan.,I did not write that.,,TRUE
almas,AL-mas,n,"arms, weapon",,"Say emausal ma ja almas niman ja tempo ket aliwena paltog, nu di ket Esel nen Apo. | Aligwena enam-ay ma niman ja tempo ja mengnap ni pan dagbo-ab. | mayat numan in pan adivay sha | sinuspendera ni nashem eray klase","In this present time, the weapon used is not a gun, but the Word of God. | Today's it's not easy to find a job to earn a living | they had a good conversation experience | classes yesterday was suspended",,FALSE
altey,al-TEY,n,liver,,,,,FALSE
aluti-it,ah-loh-TEE-eet,n,house lizard,,"Edavi ma, asan ta mwan may tuloy nu kabasan.","It's already night, let's continue again tomorrow.",,FALSE
am-amtaan,,,,,,,,TRUE
ama,ah-MAH,n,father,,,,,FALSE
amag,ah-MAG,v,"to make, create, do, fix",isingpet,,,,FALSE
ambiyongan,am-byo-NGAN,n,,,,,greenish type of beetle,FALSE
amed,ah-MUHD,n,"ghost, unseen being, spirit",comao,,,,FALSE
amis,ah-MIS,n,sweetness,,En amis numan e Dipig ja balat nu may shek-shek.,Dipig' banana is delicious when boiled.,,FALSE
amol,ah-MOL,n,dew,,,,,FALSE
ampasit,am-pah-SIT,n,"elf, fairy, unseen beings of the earth",,,,,FALSE
ampengat,am-puh-NGAT,n,fly,,,,,FALSE
amta,AM-ta,n/v,"knowledge, know",eguatan,Amtak e ngaran mo,I know your name,,FALSE
amta-en,am-tah-UHN,n,will know,,,,,FALSE
amtam,,,you know,,,,,TRUE
an-animal,an-an-ee-MAL,n,animals,,,,,FALSE
anai,ah-NAY,n,termite,,,,,FALSE
anak,ah-NAK,n,child,,,,,FALSE
anap,ah-NAP,v,"look for, search",capcap,,,,FALSE
angja,ANG-jah,n/v,harm,,,,,FALSE
angken,ANG-kuhn,conj,"although, even if, never mind that",masbali,Angken aleben sigurado ket entuloy to ladta.,Even if its unsure she/he continued to do it.,,FALSE
ani,ah-NEE,n/v,"harvest, reap","afit, asim",,,,FALSE
anito,,,,,,,,TRUE
anken,,,anken;,,,,,TRUE
anod,ah-NOD,n,act of drowning,,,,,FALSE
anop,ah-NOP,n/v,"prey, hunt",,,,,FALSE
anos,AH-nos,n,patience,,,,,FALSE
anosan,AH-noh-san,v,be patient,pan-anos,,,,FALSE
antag,an-TAG,v,carry something with someone; help someone carry an object,,,,,FALSE
antohos,an-toh-HOS,n,eye glasses,,,,,FALSE
ap-ap,ap-AP,n/v,cover,,"Nu gwaray too ja ka unsharasharal sun sikam ja ayshi kabul, na apal era sun sikam","When someone badmouths you for no reason, they are jealous of you.",,FALSE
apal,AH-pal,n,"jealousy, envy",imon,"Nu gwaray too ja ka unsharasharal sun sikam ja ayshi kabul, na apal era sun sikam","When someone badmouths you for no reason, they are jealous of you.",,FALSE
apao,ah-PAW,interj,"alas, gee, gosh, oh my","arah, ayu",,,,FALSE
apil,ah-PEEL,adj,different,aligua,,,,FALSE
apit,ah-PEET,n,"harvest, benefit, gain","ani, asim",,,,FALSE
apit-shiman,,,,,,,,TRUE
apko,AP-kho,n,bile,,,,,FALSE
apo,ah-POH,n,grandchild,,,,,FALSE
apoy,ah-POY,n,fire,,,,,FALSE
apsol,AP-sol,v,"meet, get together",,,,,FALSE
apsolan,ap-sol-AN,n,meeting place,apunan,,,,FALSE
apunan,AH-puh-nahn,n,"meeting place, usual gathering place",apsolan,,,,FALSE
arague,ah-RAG-wee,av,far,,"Nay arague e eskwedaan ko. | Arague ladtay semek ko, kaysa semek to sun sikam.","The school is too far. | My love for you is far more, than his.",,FALSE
arah,ah-RAH,interj,"alas, wow",apao,,,,FALSE
aramag,ah-rah-MAG,n,wake,,,,(usually lasts a number of days),FALSE
aramid,ah-RAH-mid,n,"deed, action",daggha,,,,FALSE
arasao,ah-ra-SAW,n/v,"rice wash, wash the rice",,,,,FALSE
arasho,ah-RAH-shoh,n,farm implement to turn over the soil,,,,,FALSE
arem,ah-RUHM,n,courtship,,,,,FALSE
aretos,ah-reh-TOS,n,earrings,,,,,FALSE
arig,ah-REEG,v,"liken to, compare to",itaron,,,,FALSE
arigto,,,similar to;,,,,,TRUE
arol,ah-ROL,v,sleep with,,Haja nen asok e ka arol ko. | Asdegto numan e binuras sha.,I sleep with my dog for now. | Their harvest was plentiful.,,FALSE
arubayan,ah-roo-bah-YAN,n,"yard, backyard, front yard, side yard",,,,,FALSE
asan,,,"(conj.) and then, before;",,"Edavi ma, asan ta mwan may tuloy nu kabasan.","It's already night, let's continue again tomorrow.",,TRUE
asanem,ah-sah-NEM,av,"later, some other time","asan ali nem, nem",,,,FALSE
asas,ah-SAS,n,sight,,,,,FALSE
asava,,,,,,,,TRUE
asavam,,,,,,,,TRUE
asbayat,as-bah-YAT,n/v,,,,,chant that serves as a refrain or a chorus to a lead chant (bah’diw),FALSE
asdegto,AS-duhg-toh,adj,"abundant, plentiful, may, much",,"Asdegto numan e binuras sha. | Arague ladtay semek ko, kaysa semek to sun sikam.","Their harvest was plentiful. | My love for you is far more, than his.",,FALSE
asegua,ah-suhg-WAH,n,"mate, wife, husband",cadgua,,,,FALSE
asen,ah-SUHN,v,"to see, to look",asas,"Nu asen ko sikato, ka un gwingi.","When i try to look at her, she looks away.",,FALSE
ashal,ah-SHAL,n/v,"study, learn",iscueda,,,,FALSE
ashalen,ah-SHAL-uhn,v,"to study, to think about, deliberate",,Ashalen ko nu ngentoy pesing man tusho | Piyan kon man pa ilot,I will learn the strategies in teaching | I want  to have a massage,,FALSE
ashe,,,,,Ashe nam-ay ja biag. | Ebadeg e digat nen nanang niman jen  ashe las tatang.,"There's no easy life. | The life of my mother was hard, when our father past away.",,TRUE
asi,ah-SEE,n/v,pity,,,,,FALSE
asim,ah-SEEM,v,"harvest, pick","afit, ani, camcam",,,,FALSE
asimogal,ah-see-moh-GAL,n,"discomfort, unease",,,,,FALSE
asin,ah-SEEN,n,salt,,,,,FALSE
askang,as-KHANG,av/v,be near,,,,,FALSE
asneng,as-NUHNG,n,"refusal, disagreement, dislike",enasneng,,,,FALSE
aso,AH-soh,n,dog,,,,,FALSE
asoba,ah-SOH-bah,n,spouse/wife/husband,asugwa,Si iyay e asobak.,This is my spouse/wife/husband.,,TRUE
asol,ah-SOL,v,fetch water,,Nan-asol si Jill shi pa-dok.,Jill fetched water at the river.,,FALSE
asolan,ah-soh-LAN,n,spring,,Eshakel e nan-asol shi asolan.,Many fetched water at the spring.,"place where water is fetched from, common faucet or well or pond, or stream",FALSE
asukal,ah-soo-KAL,n,sugar,,,,,FALSE
asuvam,,,,,,,,TRUE
atip,AH-tuhp,n,scabbard,,,,,FALSE
ativangdal,,n,fern tree,,,,,FALSE
atiw,ah-TIW,v,lose,,,,,FALSE
atol,ah-TOL,n/v,gate,,,,pile of rocks used as a fence or support,FALSE
av-avong,,,,,,,,TRUE
ava,AH-vah,n,,,,,root crop with big elephant ear like leaves,FALSE
avada,ah-VAH-dah,n,shoulder/shoulders,,,,,FALSE
avak,AH-vak,n,winnings or loss,,,,,FALSE
avat,ah-VAT,n,"plain and smooth path, float",caljap,,,(not uphill nor downhill),FALSE
avig,ah-VEEG,n/v,curse,,,,,FALSE
avono,ah-VOH-no,n,fertilizer,,,,,FALSE
avos,ah-VOS,adj,"sole, singular",,,,,FALSE
awas,ah-WAS,av,"outside, outdoors",,Awas kad shay.,Get out of here,,FALSE
awat,a-WAT,v,"accept, receive",,,,,FALSE
ayag,a-YAG,n,offering,,,,,FALSE
ayal,,,,,,,,TRUE
ayat,,,,,,,,TRUE
ayop,ah-YOHP,adj,"tame, domesticated",,Huta asok ket ayop ja shili.,My dog is too tamed.,,FALSE
ayshe,,,"no, nothing",,,,,TRUE
ayshi,,,"no, nothing",,"Nu gwaray too ja ka unsharasharal sun sikam ja ayshi kabul, na apal era sun sikam","When someone badmouths you for no reason, they are jealous of you.",,TRUE
ayu,ah-YOO,interj,"oh my, have mercy, my goodness",apao,,,,FALSE
ba-bangat,,,,,,,,TRUE
ba-eng,BAH-uhng,n,backyard planted to vegetables and fruit trees,,,,,FALSE
ba-ing,bah-EENG,n,shame,,,,,FALSE
ba-ingan,bah-ing-AN,v,"put to shame, cause embarrassment",,,,,FALSE
ba-ul,bah-OOL,n,"chest, trunk",,,,,FALSE
babawi,bah-bah-WEE,n/v,"regret, rue",,,,,FALSE
babelting,,n,cricket,belbelting,,,,FALSE
badahi,ba-da-HI,n,big black roach,,,,,FALSE
baddarong,ba-da-RONG,interj,"damn, darn, expression of anger or frustration",,,,,FALSE
badiyang,ba-DEE-yang,n,menstruation,,,,,FALSE
bado,BAH-doh,adj,new,,,,,FALSE
baengan,,,,,,,,TRUE
bagbag,BAG-bag,v,"demolish, tear down",,,,,FALSE
baggang,bah-GANG,n,throat,,,,,FALSE
baggha-an,bag-gah-AN,n,"slave, servant",,,,,FALSE
baghang,bah-GANG,n,throat,,,,,FALSE
bagtit,bag-TEET,adj,crazy,"ban-ag, eban-ag, man-emtang, man-engngao",,,,FALSE
bagto,BAG-toh,v,perch,,,,,FALSE
baguis,bah-GEES,n,tripe,,,,,FALSE
baha,bah-HAH,n,"cow, cattle",cavadian,,,,FALSE
bahal,bah-HAL,n/v,"fight, quarrel",cavil,,,,FALSE
bahes,BAH-huhs,n,monkey,,,,,FALSE
bahuna,bah-hoo-NAH,n/v,"scar made from inoculation, inoculate",,,,,FALSE
bah’deg,BAH-duhg,n,"size, growth",bengngis,,,,FALSE
bah’guwit,BAH-gweet,v,"hang on to, reach for","kah’gwat, kao-at",,,,FALSE
bah’guwitan,BAH-gwee-tan,v,cause to lower or bend by hanging something heavy,,,,,FALSE
bah’sil,BAH-seel,n,"lie, falsehood","o-owap, u-owap",,,,FALSE
baka,,,cow;,,,,,TRUE
bakbahan,bak-bah-HAN,n,frog,,,,,FALSE
bakdang,bak-DANG,n,"body, self",,,,,FALSE
baknang,bak-NANG,adj,"rich, wealthy",,Baknang numan era huta barkadak. | Eg in uli ni kaaruba mi huta binudod ton batiya.,My friends were rich. | Our neighbor did not return  our tub that they borrowed.,,FALSE
balang,bah-LANG,av,hopefully,,,,,FALSE
balangbang,bah-lang-BANG,n,type of fern,,,,,FALSE
balao,bah-LAW,n,"criticism, contempt, ridicule",,,,,FALSE
balasang,bah-lah-SANG,n/adj,"old maid, bachelor, unmarried",,Marikit jen balasang,Beautiful Lady,,FALSE
balat,bah-LAT,n,banana,,En amis numan e Dipig ja balat nu may shek-shek. | Pilak ladta e piyan ni caracdan.,Dipig' banana is delicious when boiled. | Money is what the majority wants.,,FALSE
balatbat,bah-lat-BAT,av,arranged in a row,,,,,FALSE
balekbek,bah-luhk-BUHK,n,"froth, foam",,,,,FALSE
balengbeng,bah-luhng-BUHNG,v,"throw, cast away",ivong,,,,FALSE
baley,bah-LEY,n,"house, habitat",abong,Shiyay eh baley mi.,Our house is here.,,FALSE
balides,bah-lee-DUHS,n,drum,,,,,FALSE
balitok,bah-lee-TOK,n,gold,,Epalit e balitok niman.,Gold is expensive now.,,FALSE
baliw,bah-LEEW,v,"defend, cross over",,,,,FALSE
balnao,bal-NAW,v,rinse,,Balnawim ita dabam.,Rinse your laundry.,,FALSE
balnawan,bal-naw-AN,v,"to rinse, to wash",,,,,FALSE
balo,BAH-lo,n,"widow, widower",,,,,FALSE
balodahi,bah-loh-DAH-hee,n,young man,,,,,FALSE
balsharo,bal-SHAH-roh,n/adj,"handicap, handicapped",,,,,FALSE
baludahi,,,,,,,,TRUE
ban-ag,ban-AG,adj,crazy,"bagtit, eban-ag, man-emtang, man-engngao",,,,FALSE
bangdo,BAND-doh,n,fragrance,,,,,FALSE
bangkilay,bang-kee-LAY,n,"altar like dais made of reed and saplings and supported by four posts and upon which offerings are made (jar of wine, rice, meats)","bekkas, ufo",,,,FALSE
bangko,BANG-koh,n,"bench, bank",,,,,FALSE
bangon,bah-NGON,v,"awaken, get up",,manbunget bangon bulow,Bark is angry and will get up,,FALSE
bani-it,bah-nee-EET,n,fish hook,,,,,FALSE
bantay,ban-TAY,v,watch over,,,,,FALSE
bantiwel,BAN-tee-WUHL,intej,"general expression of swearing equivalent to darn or damn, by golly",,,,,FALSE
banul,BAH-nool,n,"worth, price",,,,,FALSE
baras,bah-RAS,n/v,whip,,,,,FALSE
baro,bah-ROH,n,"clothes, dress",kaykayot,,,,FALSE
basig,,n/adj,"infertility, childless",,,,,FALSE
basol,bah-SOL,n,"fault, mistake, sin, error",camali,,,,FALSE
basta,,,,,,,,TRUE
batbat,bat-BAT,n,type of ceremony,,,,,FALSE
batikuleng,bah-tee-koo-LUHNG,n,gizzard,,,,,FALSE
batin,bah-TEEN,n,kidney/s,,,,,FALSE
batiya,BAT-yah,n,"tub, a big basin usually used for washing clothes",,,,,FALSE
batuwang,bah-too-WANG,n,"a big bush whose fruit is supposed to have some medicinal value; its fruit however, is not edible",,,,,FALSE
bayag,bah-YAG,n/av,a long time ago,,,,,FALSE
baybai,bay-BAY,n,sea,,,,,FALSE
bayo,BAH-yoh,v,pound,,,,,FALSE
be-ei,BEE-eh,n,"girl, woman",,Marikit ja be-ei.,Beautiful woman.,,FALSE
bebjeng,BUHB-juhng,v,make a dike,,,,,FALSE
bebjengngen,buhb-juh-NGUHN,v,make a dam,,,,,FALSE
beddat,buh-DAT,n,skin,,,,,FALSE
bee,BEE-eh,n,"girl, woman",,Marikit ja bee.,Beautiful woman.,,TRUE
bekkas,buh-KHAS,n,rice,"bangkilay, ufo",Enungkalak ni bekkas.,I bought rice.,,FALSE
bel-at,buhl-AT,n,weight,,,,,FALSE
belbelting,buhl-buhl-TEENG,n,cricket,babelting,,,,FALSE
belsig,buhl-SEENG,v,"to chop wood, split","betac, ekespak",,,,FALSE
beneg,buh-NUHG,n,back,,,,,FALSE
bengao,buh-NGAW,n,pleasant smelling herb whose stems and roots are dried and worn to ward off evil spirits,,,,,FALSE
bengat,buh-NGAT,av,"only, merely",,,,,FALSE
bengngeg,buhng-NGUHG,adj,stubborn,,,,,FALSE
bengngis,buh-NGEES,n,growth,bah’deg,,,,FALSE
benneg,buh-NUHG,n,back,,,,,FALSE
bes-ig,buhs-EEG,v,"drop, smash",,,,,FALSE
betac,buh-TAK,n,outbreak,,,,,FALSE
betang,buh-TANG,n,share,,,,,FALSE
betangen,buh-TAH-nguhn,v,"fell, chop down a tree",etuwang,,,,FALSE
betek,buh-TUHK,n,bunch,,,,,FALSE
betik,buh-TEEK,v,run,,,,,FALSE
betkag,buht-KHAG,v,"send on an errand, order, command",,,,,FALSE
betnek,buht-NUHK,adj,short and squat,,,,,FALSE
biag,bee-YAG,n,life,biyag,,,,FALSE
bialnes,bee-yal-NES,n,Friday,,,,,FALSE
bida,bee-DAH,n,a kind of leech,,,,,FALSE
bidaggan,bee-dah-GAN,n,clothesline,,,,,FALSE
bii,,,girl;,,,,,TRUE
biin,,,,,,,,TRUE
bilag,bee-LAG,v,dry under the sun,,,,,FALSE
bilang,bih-LAHNG,n/v,"number, count",,,,,FALSE
bileg,BIH-luhg,n,leech,,,,,FALSE
bilin,BIH-lihn,n,"advice, instruction",jamjam,,,,FALSE
bilko,BIHL-koh,n,belt,,,,,FALSE
bimengis,BIHM-uh-ngis,v,grew,,,,,FALSE
bimulow,BIHM-oo-low,v,barked,,,,,FALSE
bimunga,bihm-OO-ngah,v,flowered,,,,,FALSE
bimunget,bim-OO-nguht,v,"got angry, was angry",,,,,FALSE
binaljan,,,,,,,,TRUE
binanbantayan,,,,,,,,TRUE
binga,BIH-ngah,n,elongated shells,,,,,FALSE
binidag,BIH-nih-daHg,n,clothes on the line,,,,,FALSE
binmolew,,,,,,,,TRUE
binodod,bih-nih-DAHG,v,borrowed,,binodod ko dapis mo.,I borrowed your pencil,,FALSE
bintawan,,,,,,,,TRUE
bintuwan,been-toh-WAN,n,portable fireplace,,,,,FALSE
binud-budan,bee-NOD-boo-DAN,,every month,,,,,FALSE
birel,BEE-ruhl,adj,ripe,edowem,,,,FALSE
birong,bee-RONG,n,bladder,,,,,FALSE
bisagra,bee-SAG-ra,n,hasp,,,,,FALSE
bisil,bee-SEEL,n,sand,,,,,FALSE
bisngay,bees-NGAY,v,part one’s hair,,,,,FALSE
bisukol,bee-soo-KOL,n,snail,,,,,FALSE
biteg,BEE-tuhg,n,poverty,,,,,FALSE
bivi-in,,,,,,,,TRUE
biyag,bee-YAG,n,life,biag,,,,FALSE
biyeng,bee-YUHNG,n,rapidity,,Enpan biyeng to e motor. | Maykuwan e uston dekna.,He drove the motorcycle rapidly. | Tell your true feelings.,,FALSE
bodoren,boh-doh-RUHN,v,will borrow,,,,,FALSE
bogot,,,,,,,,TRUE
bokdow,BOK-dow,n,neck,,,,,FALSE
boknol,bok-NOL,adj,round,"dikmot, eboknol",,,,FALSE
boknolen,bok-noh-LUHN,v,to see a ghost,,,,,FALSE
bolih’di,boh-LEE-dee,v,turn around,,,,,FALSE
bolod,boh-LOD,v,borrow,,,,,FALSE
bongot,boh-NGOT,n,mouth,,,,,FALSE
bono,BOH-noh,v,"kill, murder",,,,,FALSE
bonobon,,,,,,,,TRUE
bontog,bon-TOG,adj,"slow, sluggish",,,,,FALSE
botbotog,bot-bot-TOG,n,piglet/s,,,,,FALSE
botete,boh-TEH-teh,n,lizard,,,,,FALSE
botka,BOT-kah,v,be damned,,,,,FALSE
bovod,boh-VOD,n,yeast,,,,,FALSE
bovong,boh-VONG,n,roof,buvong,,,,FALSE
bu-o,BOO-oh,n,round mushroom,,,,,FALSE
bua,BOO-wah,n,betel nut,,,,,FALSE
buduson,,,,,,,,TRUE
buhao,BOO-haw,n,eagle,,,,,FALSE
buh’dai,BOO-day,n,"land, earth",,,,,FALSE
bukdow,BOOK-dow,n,neck,,,,,FALSE
bulag,,,,,,,,TRUE
bulak,boo-LAK,v,scatter,etpok,,,,FALSE
bulakbol,,,,,,,,TRUE
bulan,boo-LAN,n,moon,,,,,FALSE
bulbul-ow,bool-bool-OW,n,butterfly,,,,,FALSE
bulo,BOO-loh,n,bamboo,,,,,FALSE
bulong,boo-LONG,n,"leaf, leaves",,,,,FALSE
bulow,boo-LOW,n/v,bark,,manbunget bangon bulow | Matneng i bulow ni aso.,Bark is angry and will get up | The dog's bark can be heard.,,FALSE
bumalasang,boo-mah-LAH-sang,n,mare/filly,horse,,,,FALSE
bumalo,boo-mah-LOH,n,bull,,,,,FALSE
bunak,boo-NAK,n,"kin, relatives","aishe afil id, ka-et, ka-it",,,,FALSE
bunga,BOO-ngah,n/v,"flower, fruit",dames,,,,FALSE
bungdol,boong-DOL,n,rainbow,,,,,FALSE
bunget,boo-NGUHT,n/v,"anger, ire, rage",,,,,FALSE
bungog,boo-NGOG,n,sound,,,,,FALSE
bungot,boo-NGOT,n,mouth,,"e cubsil mo, say makal sakit ni deknam | Marikit jen balasang",Let it go so that the pain will go | Beautiful Lady,,FALSE
bunong,boo-NONG,n,prayers said by the priest/priestess in a ceremony,,,,,FALSE
busol,boo-SOL,n,headhunter,,,,,FALSE
butatow,boo-tah-TOW,n,row of lights with human like forms that appear on the hillsides,,,,,FALSE
butil,boo-TIL,n,seed,,,,,FALSE
butngag,boot-NGAG,adj,"boastful, braggart",dastog,,,,FALSE
buvong,boo-VONG,n,roof,bovong,,,,FALSE
buwas,boo-WAS,v,rise early,,,,,FALSE
buwasto,boo-WAS-toh,av,day after,,,,,FALSE
buwaya,BWAH-yah,n,crocodile,,,,,FALSE
buwek,BOO-wuhk,n,hair,,Eshakel e buwek nen nanang ko jen emputi.,My mother has so many white hair.,,FALSE
buwey,BOO-wuhy,v,break,ketdang,,,,FALSE
ca-anahan,kah-AH-nah-han,n,niece or nephew,,,,,FALSE
ca-id-iren,kah-EED-ee-ren,adj,miscellaneous,,,,,FALSE
ca-ong,kah-ONG,n,"sow, pig",,,,,FALSE
ca-onong,kah-oh-NONG,av,"as is, still there",,Ka-onong huta insulat kodshay.,What I wrote is still here.,,FALSE
ca-onoran,kah-oh-noh-RAN,adj,last,,Sikatoy ka-onoran ja anak.,He/She's the youngest child.,,FALSE
ca-ot,kah-OT,v,"dig, bury",baybai,,,,FALSE
cabasan,kah-bah-SAN,av,tomorrow,,,,,FALSE
cabdong,kab-DONG,v,swim,,,,,FALSE
cadgua,kad-GWAH,n,"pair, partner, companion, mate",asagua,,,,FALSE
cadovong,ka-doh-VONG,n,"cap, hat",kura,Mayat i cadovong ko.,My hat is nice.,,FALSE
caen-ek-ekket,kah-uhn-uhk-uhk-KHUHT,v,"remain silent, keeping quiet",,,,,FALSE
cafadi,kah-fah-DEE,subjunctive,"had it been so, were it the case; expresses rue/regret",camongon,,,,FALSE
cafi,KAH-fee,n,"ceremonious party, rite",,Nan-kafi era ni nashem.,They held a 'kafi' yesterday.,,FALSE
cafon,kah-FON,v,geld,,,,,FALSE
caggasuwa,kah-gas-WAH,n/v,"half of, halve",,,,,FALSE
cahil,kah-HEEL,n,mandarin fruit or tree,,,,,FALSE
cah’bis,KHAH-bees,n/v,sneeze,,,,,FALSE
cah’sheman,KAH-shuh-man,av,day before yesterday,,,,,FALSE
caising,kah-ee-SEENG,n,in-law specifically the parent/s of the spouse of one’s child,,,,,FALSE
cakak,khah-KHAK,n/adj,hollow sound; hollowness,,,,,FALSE
cala,KAH-lah,v,come,,,,,FALSE
calapao,kah-lah-PAW,n,hut,abolan,,,,FALSE
calapati,kah-lah-PAH-tee,n,dove,,,,,FALSE
calapjao,kah-lap-JAW,n,rain cape made of dried palm leaves,,,,,FALSE
calat,kah-LAT,n/v,bite,,Calat mo iya bayabas.,Bite this guava.,,FALSE
calbian,kal-bee-AN,av,night time,davi,,,,FALSE
caljap,kal-JAP,v,"float, rise to the surface",avat,,,,FALSE
calna,kal-NAH,n/v,calm,,,,,FALSE
calon,kah-LON,n,betrothal,,,,,FALSE
calsara,kal-SAH-rah,n,"road, street",,,,,FALSE
calshing,KAL-sheeng,n,goat,,,,,FALSE
calso,KAL-so,n,object (wood or rock) to serve as a stopper or as a hindrance,,,,,FALSE
calson,KAL-son,n,pants,,,,,FALSE
camali,kah-mah-LEE,n/v,"error, mistake; err, make a mistake",basol,,,,FALSE
camas,kah-MAS,v,to weed around the rice plants in muddy water,,,,,FALSE
cambal,kam-BAL,n,native blouse,,,,,FALSE
camcam,kam-KAM,v,"gather, pick",asim,,,,FALSE
camen,KAH-men,n,mat,,,,,FALSE
camison,kah-mee-SON,n,"slip, under garment",coh’bil,,,,FALSE
camon,kah-MON,conj,"when, while, if","camongon, nunta",,,,FALSE
camongon,kah-moh-NGON,conj/subjunctive,"if, had it been so","cafadi, camon",,,,FALSE
campana,kam-PAH-nah,n,bell,,,,,FALSE
camposo,kam-POH-soh,n,top,,,,,FALSE
camudas,kah-moo-DAS,n,measles,,,,,FALSE
canawan,kah-nah-WAN,n/av,"right hand, right, to the right",carigshan,,,,FALSE
canayon,kah-NAH-yon,adj/av,"always, continuous, continuously, frequently",,,,,FALSE
caniggid,kah-nee-GEED,n/av,"left hand, left, to the left",,,,,FALSE
canshila,kan-SHEE-lah,n,candle,,,,,FALSE
cantina,kan-TEE-nah,n,store,,,,,FALSE
capcap,KAP-cap,v,"grope, search","anap, kapkap",,,,FALSE
capi,KAH-pee,n,coffee,,,,,FALSE
capsot,KAP-sot,adj,weak,,,,,FALSE
caracdan,kah-rahk-DAN,n,"crowd, majority",,,,,FALSE
caradcad,kah-rad-CAD,n,"health, well-being",diteng,,,,FALSE
caragguian,kah-rahg-GOO-yan,n,"tradition, practice",ugadi,"Kaugadi-an | Insas, inun-an ,in an","Practice, tradition | See",,FALSE
carecka,kah-REK-kah,v,to wonder,,,,,FALSE
carigshan,kah-rig-SHAN,n,"right, privilege",canawan,,,,FALSE
cas-ano,kas-AH-no,inter,how,ngantoy,,,,FALSE
casiljas,kah-SEEL-yahs,n,toilet,,,,,FALSE
casingsing,kah-sing-SING,n,cousin,,,,,FALSE
casna,KAS-nah,n,blood from an animal offered in a rite that is smeared on the cheeks or on the foreheads of family members who performed a religious ceremony,,,,,FALSE
catamtaman,kat-am-TAH-man,av,"just about right, on the average",,,,,FALSE
catdi,KAT-dee,n,scissors,,,,,FALSE
catdi-an,kat-DEE-ahn,v,cut,,,,,FALSE
cateri,kah-TEH-ree,n,bed,,,,,FALSE
cavadian,kah-vah-DAH-yan,n,cow,baha,,,,FALSE
cavadinan,kah-vah-DEE-nan,n,"ability, capacity",,,,,FALSE
cavadjo,kah-VAH-joh,n,horse,,Waray insas kun cavadjo shi kilid ni kalsara,I saw a horse beside the street,,FALSE
cavat,KAH-vaht,n,scar,,,,,FALSE
cavil,KAH-vil,n/v,"fight, redder force",bahal,,,,FALSE
cavite,kah-VEE-teh,n,"stone wall, atoll",,,,,FALSE
cavotbotka,kah-VOHT-bot-kah,v,"curse or swear: damn you, may you rot in hell",,,,,FALSE
cawas,KAH-wahs,n,waste,"damsis, ngasa",,,,FALSE
cawil,KAH-weel,n,bowl made out of dried coconut shell,,,,,FALSE
cayabang,kah-yah-BANG,n,basket carried on the back with a strap to the head,,,,,FALSE
co-ong,KOH-ong,v,"stoop, bend",,,,,FALSE
codtal,KOD-tal,n,"kick, act of kicking",,Mapkes e codtal to.,His kick is strong.,,FALSE
coho,KOH-ho,n,"nail/s, hoof",,,,,FALSE
coh’bil,koh-BEEL,v,"slip, slip and slide",camison,,,,FALSE
coh’nang,koh-NAHNG,v,"open one’s eyes widely in awe, surprise, or greed",,,,,FALSE
coh’nay,koh-NAI,v,scratch,cudcud,,,,FALSE
colit,KOH-lit,n,shallow canal usually for irrigation purposes,,,,,FALSE
colpot,KOL-pot,n,cloud,,,,,FALSE
comao,KOH-mah-oh,n,"goblin, ghost",amed,,,,FALSE
comid,KOH-mid,adj,flat nosed,,"E-comid sikato, nem matekal.","He/She is flat nosedd, but smart.",,FALSE
comit,KOH-mit,v,"dent, to flatten",,Comit e data.,The can was flattened.,,FALSE
compay,KOM-pay,n,scythe,,,,,FALSE
compormi,kom-POR-mee,pro,"whatever, whichever, any, either",,,,,FALSE
cono,KOH-no,av,according to,,,,,FALSE
copsit,KOP-sit,v,peel off,,,,,FALSE
corap,KOH-rap,v,crawl,,,,,FALSE
cosil,KOH-seel,n,"husk, rice with husk still on",,,,,FALSE
cosina,KOH-see-nah,n,kitchen,,,,,FALSE
cotay,KOH-tay,adj,"bad, evil","mahedsel, maladamsis, nga-ow",,,,FALSE
cotdeng,KOH-tdeng,v,"to snap or break a piece of stick, or limb, or twig",,,,,FALSE
cotsara,KOH-tsah-rah,n,spoon,,,,,FALSE
coval,KOH-val,n,G-string,,,,,FALSE
covot,KOH-vot,n,wrinkle,,,,,FALSE
cowan,KOH-wan,v,say,,,,,FALSE
cowanen,koh-WAH-nen,v,"advise, tell someone off, give a piece of one’s mind","bilin, jamjam",,,,FALSE
coyat,KOH-yat,n,"infant, baby",ngah’ngah’,,,,FALSE
cubcub,koob-KOOB,n,pigpen,,,,,FALSE
cubsil,koob-SEEL,v,"let go, lose a grasp on",ibjag,"e cubsil mo, say makal sakit ni deknam",Let it go so that the pain will go,,FALSE
cudcud,kud-KUD,v,"scratch, scrape",coh’nay,,,,FALSE
cuebes,KWEH-bes,n,Thursday,,,,,FALSE
dabsan,DAB-san,v,pass,,,,,FALSE
dadsak,,,,,,,,TRUE
dafid,DAH-fid,n,braid,,,,,FALSE
dafis,DAH-fis,n,pencil,,,,,FALSE
dafu,DAH-foo,conj,whence,ngarud,,,,FALSE
dag,,,,,,,,TRUE
dagbo,DAG-boh,v,earn a living,,,,,FALSE
daggha,DAG-ghah,n/v,"act, deed",aramid,,,,FALSE
dagghashi,DAG-ghah-shee,n/v,saw,,,,,FALSE
dagghit,DAG-ghit,n,dirt,dughit,,,,FALSE
dagghud,DAG-ghood,adj,"dangerous, risky",menanahot,,,,FALSE
dahi,DAH-hee,n,"boy, man, male",,Waray tedon dahi ja agik.,I have three brothers.,,FALSE
daho,DAH-ho,n/v,sell,,,,,FALSE
dah’bong,dah-BONG,v,catch an animal by roping it in,,,,,FALSE
dah’nei,dah-NEI,n,node,,,,,FALSE
dah’si,dah-SEE,v,"jump the fence, go over",,,,,FALSE
daki,,,male;,,,,,TRUE
dames,DAH-mes,n,fruit,bunga,,,,FALSE
daminta,da-MIN-tah,n,tool/s,,,,,FALSE
damon,DAH-mon,v,weed,edet,,,,FALSE
damot,DAH-mot,n,root/s,,,,,FALSE
damsis,DAM-sis,n/v,"bad deed, evil acts, waste, despair","cawas, ngasa",,,,FALSE
daneb,DAH-neb,n,"lard, animal fat, oil",,,,,FALSE
dangaja,dang-AH-jah,n,square cut basket made of bamboo strips,,,,,FALSE
dangan,DANG-an,n,absence,,,,,FALSE
dangka,DANG-kah,n,jackfruit,,,,,FALSE
dangkeng,DANG-keng,n,vat,kambang,,,,FALSE
danontan,dah-non-TAN,n,before,,,,,FALSE
dansa,DAN-sah,n/v,nail,,,,,FALSE
danshuk,DAN-shuk,n,"piece of metal, steel",,,,,FALSE
danti,DAN-tee,n,hail,,,,,FALSE
dapat,,,,,,,,TRUE
darag,DAH-rag,n,swelling,,,,,FALSE
darao,DAH-rah-oh,n,lateness,,,,,FALSE
daret,DAH-ret,n,a small bird,,,,,FALSE
dasin,DAH-sin,v,"separate from, be independent, to have more",,,,,FALSE
dason,DAH-son,n,"reason, cause","kafu, kafuan",,,,FALSE
dastog,DAH-stog,adj,"showy, bragging, boastful",butngag,,,,FALSE
data,DAH-tah,n,"can, tin",,,,,FALSE
datoc,DAH-tok,n,blessings shouted at a ceremonial dance,,,,,FALSE
davan,,,,,,,,TRUE
davi,DAH-vee,av,night time,calbian,,,,FALSE
dawit,DAH-wit,n,prayers of petition to the dead; prayers inviting/calling the dead,,,,,FALSE
daya,DAH-yah,n,ginger,,,,,FALSE
dayat,DAH-yat,n/v,"stance, stand",,,,,FALSE
debeng,deh-BENG,adj,deep (water),,,,,FALSE
dekna,DEK-nah,n,feeling,,,,,FALSE
deknan,,,,,,,,TRUE
deltang,del-TANG,v,"heat, warm",,,,,FALSE
demshang,dem-SHANG,v,to eat pieces of meat while waiting for the main meal/course; equivalent to hors d’oeuvre,,,,,FALSE
den,,,,,,,,TRUE
dibkan,,,,,,,,TRUE
digat,,,hardship;,,Ebadeg e digat nen nanang niman jen  ashe las tatang.,"The life of my mother was hard, when our father past away.",,TRUE
digga-o,dig-GAH-oh,n,flat basket used for winnowing rice,,,,,FALSE
diggat,dig-GAT,n,"suffering, hardship",,,,,FALSE
dihob,DEE-hob,v,gather about to eat/feast,,,,,FALSE
dih’ko,dee-HKO,v,leave stealthily,,,,,FALSE
dikmot,dik-MOT,n/v,"round, circle; go around","boknol, eboknol",,,,FALSE
dikshan,dik-SHAN,n,porch,,,,,FALSE
dilos,DEE-los,n,"watch, clock",,Nalbeng eh dilos ko.,My watch is wet.,,FALSE
dimao,DEE-mah-oh,v,went,,,,,FALSE
dimba-ot,dim-bah-OHT,n,"awareness, memory, consciousness",,,,,FALSE
din,,,,,,,,TRUE
dinadavi,,,every night,,,,,
dinavan,,,,,,,,TRUE
dingkam,,,,,,,,TRUE
diniknak,,,,,,,,TRUE
dining,DEE-ning,n,glitter,,,,,FALSE
dinis,DEE-nis,v,clean,,,,,FALSE
dinoman,dee-NOH-man,v,"altered, changed, repaired",,,,,FALSE
dinomingko,dee-noh-MEENG-koh,,every week,,,,,FALSE
dinowan,dee-noh-WAN,n,bee/s,,,,,FALSE
dinteg,dee-TENG,n,"law, rule/s",,,,,FALSE
dinuwan,dee-NOO-wan,n,"honey, bee/s",,,,,FALSE
diteng,dee-TENG,n,well-being,caradcad,,,,FALSE
divag,dee-VAG,n,"state of sustained surprise, state of limbo",,,,,FALSE
divang,dee-VANG,v,make the rounds to check the animals that are out on the ranch or on the pastureland,,,,,FALSE
divet,DEE-vet,n,native wrap around skirt layered in different colors and print,,,,,FALSE
diwdiwa,,,,,,,,TRUE
diyang,DEE-yang,n,"cave, deep crevice under boulders",usok,,,,FALSE
diyao,DEE-yow,n,house blessing ceremony,,,,,FALSE
diyap,DEE-yap,v,dig and level the ground or land on which a house will be built,,,,,FALSE
diyek,DEE-yek,n,termites,,,,,FALSE
do-ongan,doh-ONG-an,av,"under, underneath",,Sikami jen pamilja ket kami ka mengan shi do-ongan ni baley mi.,We as a family we eat under the house.,,FALSE
doggias,doh-GEE-as,n,beans,,,,,FALSE
dohingaw,doh-heen-GAW,n,hole,dungog,,,,FALSE
doho,DOH-ho,n,fraud,dohodoho,,,,FALSE
dohodoho,doh-ho-DOH-ho,n,"foolishness, fraud",doho,,,,FALSE
doh’sohan,doh-SOH-han,n,"door, entrance",,,,,FALSE
dokto,DOHK-toh,n,"camote, yam, sweet potato",,,,,FALSE
domingko,doh-MING-koh,n,Sunday,,,,,FALSE
dongon,DON-gon,n,coffin,,,,,FALSE
dubong,,,,,,,,TRUE
dufa/dupa,DOO-fah / DOO-pah,n,face,,,,,FALSE
dufos,DOO-fos,n/v,skin shed by reptiles,,,,,FALSE
dugad,,,,,,,,TRUE
dugan,,,,,,,,TRUE
dughan,DOO-ghan,n/v,ride,,,,,FALSE
dughit,DOO-ghit,n,dirt,dagghit,,,,FALSE
dukod,,,,,,,,TRUE
dukto,,,,,,,,TRUE
dungba,DOONG-bah,n/v,race,,,,,FALSE
dungog,DOONG-gog,n,hole,dohingaw,,,,FALSE
dunis,DOO-nis,n,Monday,,,,,FALSE
dupa,,,,,,,,TRUE
duto,DOO-toh,v,cook,,Nandutos nanang ko ni sira.,My mom cooked a viand.,,FALSE
duvilbil,doo-VIL-bil,n,handgun,,,,,FALSE
duvong,DOO-vong,n,world,,Inpanbalen ton duvong e too bengat.,She/He made the person his world.,,FALSE
e-ahan,eh-AH-han,v,"to give, will give",,,,,FALSE
ebah’deg,eh-bah-DEG,adj,big,,,,,FALSE
ebah’kol,eh-bah-KOL,n,old woman,,,,,FALSE
ebakolan,,,,,,,,TRUE
eban-ag,eh-BAH-nahg,adj,"crazed, crazy, stupified","bagtit, ban-ag, man-emtang, man-engngao",,,,FALSE
ebavadeg,eh-bah-VAH-deg,adj,"huge, very big",,,,,FALSE
ebbagbag,eb-BAG-bag,v,demolished; idiom has reached the age of puberty,,,,,FALSE
ebbayag,eb-BYAHg,n/av,"lengthy, taking a long time",,,,,FALSE
ebiag,eh-BEE-ahg,adj,alive,"ebiyag, manjasjas",,,,FALSE
ebiteg,eh-BEE-teg,adj,poor,,,,,FALSE
ebiyag,eh-BEE-yahg,adj,"alive, live","ebiag, manjasjas",,,,FALSE
eboknol,eh-BOHK-nol,adj,"round, rotund, swollen","boknol, dikmot",,,,FALSE
ebos,EH-bos,v,"finish, to be gone",,,,,FALSE
ebshed,eb-SHED,n,drizzle,,,,,FALSE
ebuwey,eh-BOO-wey,v,broken,ekespak,,,,FALSE
edafuan,eh-dah-FOO-ahn,n,"roots, where one has come from",,,,,FALSE
edahai,eh-dah-HAI,n,old man,,,,,FALSE
edang,EH-dang,n,temporary separation between husband and wife for one reason or another,,,,,FALSE
edarao,eh-dah-RAH-oh,av,"late, tardy",,,,,FALSE
edavi,eh-DAH-vee,av,night,,"edavi an ak ja inmakad. | Edavi ma, asan ta mwan may tuloy nu kabasan.","I just got home in the evening. | It's already night, let's continue again tomorrow.",,FALSE
eddeng,uh-DUHNG,n,nose,,,,,FALSE
edefit,eh-DEH-fit,adj,"narrow, tight",,,,,FALSE
edehmo,,,,,,,,TRUE
edeng,EH-deng,n,nose,,,,,FALSE
edet,EH-det,n,"grass, weed",damon,,,,FALSE
edigat,,,,,,,,TRUE
edighao,eh-dee-GHAO,v,lost,"na-atiw, na-avak",,,,FALSE
edjeng,ed-JENG,v,"keep still, stay put",,,,,FALSE
edjengjeng,ed-JENG-jeng,v,fallen fast asleep,,,,,FALSE
edowem,eh-DOH-wem,adj,ripe,birel,,,,FALSE
eg-ma-asas,eg-ma-AH-sas,v,cannot be seen,,,,,FALSE
eg-maha-asas,eg-mah-AH-ah-sas,v,cannot see,,,,,FALSE
egjo,,,,,,,,TRUE
egka,EG-kah,v,don’t,,,,,FALSE
egkita,,,,,,,,TRUE
egmaydeko,,,,,,,,TRUE
egmenemnem,,,,,,,,TRUE
egmet,,,,,,,,TRUE
egmetungkal,,,,,,,,TRUE
egmo,UHG-moh,cont,don't,,,,,FALSE
egmogga,eg-MOG-gah,v,please don’t,,,,,FALSE
egmu,,,,,,,,TRUE
egnak,EG-nak,v,I can’t; I shall not,,,,,FALSE
Egnak amta etan,EG-nak AM-tah EH-tan,n,I don’t know that,,,,,FALSE
egsesmeken,,,,,,,,TRUE
egsha,EG-shah,v,they can’t; they won’t,,,,,FALSE
egto,,,,,,,,TRUE
eguagua,eg-WAH-gwah,av,"morning, dawn, daylight","agsafa, na-akow",,,,FALSE
eguatan,eg-WAH-tahn,v,"understand, know",amta,,,,FALSE
ekad,EH-kad,v,walk,ahad,,,,FALSE
ekadvaan,,,,,,,,TRUE
ekak,,,Innak;,,,,,TRUE
ekal,EH-kahl,v,"remove, leave",,,,,FALSE
ekanin,eh-KAH-nin,v,wait,itak'ked,,,,FALSE
ekdog,ek-DOG,n,egg,,,,,FALSE
ekebtot,ehk-eb-TOT,v,"frightened, scared",,,,,FALSE
ekespak,ek-es-PAK,v,"split, snapped, broke, broken","belsig, betac, ebuwey",,,,FALSE
ekkes,ek-KES,n,stomach,,,,,FALSE
ekket,ek-KET,v,"be quiet, be silent",,,,,FALSE
ekkulang,ek-koo-LAHNG,adj,"insufficient, missing, not enough",,,,,FALSE
ekuven,Uh-kooh-ven,v,"to smell, to sniff",,,,,FALSE
emabalenga,uhm-bah-luh-NGAH,adj,red,,,,,FALSE
emafil,eh-MAH-feel,v,"became different, be on one’s own, moved out of",,,,,FALSE
emag-an,eh-MAG-ahn,adj,"dry, barren",emmag-an,,,,FALSE
emalsua,eh-MAL-soo-ah,n,creator (God the Creator),,,,,FALSE
eman,EH-man,poss,possession,,Eman uwab i nganga tep emanjokow.,The baby yawns because she is sleepy.,,FALSE
embah’deg,em-bah-DEG,v,to grow,,,,,FALSE
embaliw,em-BAH-leew,v,"to cross, go across, go over to the other side",,,,,FALSE
embanao,em-bah-NAH-oh,adj,"wide, expansive, great",,,,,FALSE
embasa,em-BAH-sah,adj,"wet, soaked","naktel, nalbeng",,,,FALSE
embel-at,em-bel-AHT,adj,heavy,,Inun an kos loloang kon engigshi ni embel-at ja bag.,I saw my grandmother carrying a heavy bag.,,FALSE
embengis,em-BENG-is,v,will grow,,,,,FALSE
embulow,em-BOO-low,v,will bark,,,,,FALSE
embunget,em-BOON-get,v,will be angry,,,,,FALSE
emdeng,,adj,happy,,,,,TRUE
emin,EH-min,,all,,,,,FALSE
emmag-an,em-MAG-ahn,adj,dry,emag-an,,,,FALSE
emo,,,emo;,,,,,TRUE
emot,EH-mot,v,hide,,,,,FALSE
empedo,em-PEH-do,v,cause a strange or weird phenomenon,,,,,FALSE
emputi,em-POO-tee,adj,white,,,,,FALSE
en-afil,ehn-ah-FEEL,v,"to separate from, segregate",,,,,FALSE
en-ahad,ehn-a-had,v,will go home,,,,,FALSE
en-ahan,en-AH-han,v,"gave, given",,,,,FALSE
en-amis,en-AH-mis,adj,sweet,kentoman,,,,FALSE
en-arague,en-ah-RAH-gue,v,to go far,,,,,FALSE
en-asimogal,en-ah-see-MO-gal,v,"be uneasy, swallow uncomfortably",,,,,FALSE
en-atong,en-ah-TONG,adj,hot,"man-a-atong, masedang",,,,FALSE
en-esek,,,,,,,,TRUE
enad,,,,,,,,TRUE
enan,,,,,,,,TRUE
enasneng,en-as-NENG,v,"disagree, refuse, dislike",asneng,,,,FALSE
endao,en-DAH-oh,v,"to go, will go",,,,,FALSE
endayot,en-dah-YOT,adj,"hard, tough",,,,,FALSE
engngasem,eng-NGA-sem,v,"harvested, picked",inesim,,,,FALSE
engngavak,uhng-NGAH-vak,v,won,,,,,FALSE
enkagah’tel,uhng-khah-GAH-tuhl,adj,"funny, hilarious",,,,,FALSE
enoges,,,,,,,,TRUE
ensakit,uhn-sah-KEET,adj,"hurting, aching",,Ensakit eh sedik.,My foot is hurting.,,TRUE
ensalangat,,,,,,,,TRUE
ensemek,,,insemek;,,,,,TRUE
ensemsemek,,,,,,,,TRUE
enshanag,UHN-sha-nag,,will worry,,,,,FALSE
entafi,,,,,,,,TRUE
entahot,en-tah-HOT,adj,afraid,,,,,FALSE
enten-ugh,en-ten-UHG,v,to stay,,,,,FALSE
entuling,,,,,,,,TRUE
epahan,,,,,,,,TRUE
epalit,eh-pah-LEET,adj,"expensive, pricey",,,,,FALSE
epigghot,eh-pig-GHOT,adj,thin,ma-ingpis,,,,FALSE
epiten,uh-PI-tehn,v,"to harvest, to reap",man-enni,,,,FALSE
epoyen,eh-poh-yen,v,"to start the fire, build a fire",,,,,FALSE
epudno,,,,,,,,TRUE
era,,,,,"Baknang numan era huta barkadak. | Eg in uli ni kaaruba mi huta binudod ton batiya. | Nu gwaray too ja ka unsharasharal sun sikam ja ayshi kabul, na apal era sun sikam","My friends were rich. | Our neighbor did not return  our tub that they borrowed. | When someone badmouths you for no reason, they are jealous of you.",,TRUE
esahitan,,,,,,,,TRUE
esama,,,,,,,,TRUE
esel,EH-sel,n,"speech, utterance",,"Say emausal ma ja almas niman ja tempo ket aliwena paltog, nu di ket Esel nen Apo.","In this present time, the weapon used is not a gun, but the Word of God.",,FALSE
esenan,eh-SEH-nan,v,put salt,,,,,FALSE
eshahel,eh-SHA-hel,adj,"many, numerous, much",,,,,FALSE
eshum,,,,,,,,TRUE
eskweda,,,education,,,,,
eso,,,,,,,,TRUE
et/djet,ET / DJET,conj,"and, then, so",jet,,,,FALSE
etak,eh-TAHK,n,"bolo, big knife",,,,,FALSE
etpok,et-POHK,v,"scatter, cause dust to rise",bulak,,,,FALSE
etuling,eh-TOO-ling,adj,"black, dark",,,,,FALSE
etuwang,eh-TOO-wang,v,fell,betangen,Naytuhi numan nay mulaan to isunga etuwang ni powek.,"It was planted on a shallow ground, that's is why it fell during the storrm.",,FALSE
fay,,,,,,,,TRUE
gafut,gah-FOOT,conj,"since, because","ngarud, un-ata",,,,FALSE
gajem,,,,,,,,TRUE
ganjo,,,,,,,,TRUE
gathering,,,gathering;,,,,,TRUE
gayam,,,,,,,,TRUE
gha,GHAH,,please,,,,,FALSE
guara,GWAH-rah,av,phrase there is/was/were,,,,,FALSE
guasay,gwa-SAY,n,ax,,,,,FALSE
guatek,gwa-TEK,v,give a forceful blow with a sharp object as an ax,,,,,FALSE
guayguay,gwa-EE-gway,v,"to greet, notice",,,,,FALSE
guwapo,,,,,,,,TRUE
guwingi,goo-WIN-gee,v,look back,,,,,FALSE
habang,,,Ibaloi;,,,,,TRUE
het,,,,,,,,TRUE
hota,,,Hota;,,,,,TRUE
huta,,,who;,,Huta asok ket ayop ja shili. | Kinamkam to huta kaykayot chi kwadto. | Baknang numan era huta barkadak. | Eg in uli ni kaaruba mi huta binudod ton batiya. | Bfadeg huta en an kon kadasan.,My dog is too tamed. | She picked up all the rags from the room. | My friends were rich. | Our neighbor did not return  our tub that they borrowed. | I saw a big wood.,,TRUE
i-ayag,ee-AH-yahg,v,to offer,ayag,,,,FALSE
i-uli,ee-OO-lee,v,to return,,,,,FALSE
ianakad,ee-ah-nah-KAD,v,have all gone home,,,,,FALSE
ibaeg,EE-bah-eg,v,"reveal, tell on, make known",,,,,FALSE
ibaggha,ee-BAH-ghah,v,"to ask, inquire",mansheguat,,,,FALSE
ibah'jat,ee-bah-JAHT,v,to hang,,,,,FALSE
ibaliwan,ee-bah-LEE-wahn,v,"take the side of, fight for someone, protect",,,,,FALSE
ibansha-an,ee-bahn-shah-AHN,v,"to warn, to give notice",,,,,FALSE
ibatbat,ee-baht-BAHT,v,to arrange in rows,,,,,FALSE
ibih'lag,ee-bee-HLAG,v,to dry under the sun,,,,,FALSE
ibjag,EE-bjag,v,"cease, let go, stop",cubsil,,,,FALSE
ibulak,ee-BOO-lahk,v,"to scatter, will scatter",igualak,,,,FALSE
ibulos,ee-BOO-los,v,to set free,,,,,FALSE
icogtal,ee-kog-TAL,v,"to kick, will kick",,,,,FALSE
idekjas,ee-dek-JAHS,v,leave behind,,,,,FALSE
idi,,,,,,,,TRUE
idowem,ee-DOH-wem,v,let the fruit ripen,,,,,FALSE
ifit,ee-FEET,n,"clip, clasp, thongs",,,,,FALSE
iful,EE-fool,v,scrub and wash,,,,,FALSE
igghang,eeg-GANG,v,"moan, groan",,,,,FALSE
igghem,EE-guhm,v,"to seek vengeance, to spite",,,,,FALSE
igodot,,,,,,,,TRUE
igualak,ee-gwah-LAK,v,to scatter,ibulak,,,,FALSE
ihot,ee-HOT,n,selfishness,,,,,FALSE
ihul,EE-hool,n,tail,,,,,FALSE
ikadmang,ee-kad-MANG,v,"look across, look over, see from afar",,,,,FALSE
ikafu,ee-KAH-foo,v,"to start, to begin",ishuggui,,,,FALSE
ikayad,ee-KAH-yad,v,drag,,,,,FALSE
ikedot,ee-keh-DOT,v,"broil, cook over the fire or coal",,,,,FALSE
ikelkel,ee-kel-KEL,v,to launder by hand,,,,,FALSE
ikilang,ee-kee-LANG,v,to dry roast on a frying pan (as in coffee),,,,,FALSE
ikuh'pit,ee-kooh-PEET,v,"to tuck, to fix",,,,,FALSE
ikulkul,ee-kool-KOOL,v,wash one’s hair,,,,,FALSE
ikuwan,ee-KOO-wahn,v,"to tell, to say",maykuwan,Ikuwan ko sun manang ko.,I will tell my sister.,,FALSE
ilic,EE-leek,n,rice that has yet to be husked,,,,,FALSE
ilot,EE-lot,v,to massage,,Piyan kon man pa ilot,I want  to have a massage,,FALSE
ima,,,the;,,,,,TRUE
imahad,ee-mah-HAD,v,went home,,Imahad ak tep naagangak.,I went home because I was hungry.,,FALSE
imdeng,eem-DENG,n,"happiness, joy",,,,,FALSE
immeket,eem-meh-KET,v,"became silent, became quiet",,,,,FALSE
imok,EE-mok,n,mosquito/s,,,,,FALSE
imon,EE-mon,n,jealousy,afal,,,,FALSE
imoran,ee-mo-RAN,v,rained,,,,,FALSE
imota,ee-MOH-tah,v,vomited,,,,"imperative form, stress on 2nd syllable",FALSE
impah'din,im-pah-DEEN,v,put blame on someone else; have an excuse for; passed responsibility to someone else,,,,,FALSE
importante,,,,,,,,TRUE
importanti,,,,,,,,TRUE
in-olai,in-oh-LAI,v,always,,,,inflected form of olai; stress on second,FALSE
ina,EE-nah,n,mother,,,,,FALSE
ina-akow,ee-nah-AH-kow,av,every day,,,,,FALSE
inad,,,,,,,,TRUE
inam,,,,,,,,TRUE
inamtaan,,,,,,,,TRUE
indeg,IN-deg,v,"prevented, did not permit",,,,,FALSE
ineppo,ee-NEP-poh,n,in-law,,,,,FALSE
ineppoy,ee-NEP-poy,n,cooked rice,,,,,FALSE
ineshem,ee-NEH-shem,v,"courted, wooed",,,,,FALSE
inesim,ee-NEH-seem,v,"harvested, picked",engngasem,,,,FALSE
inges,,,like,,,,,TRUE
ingkato,,,,,,,,TRUE
ingkatod,,,,,,,,TRUE
inmap-apilak,,,,,,,,TRUE
inmotan,,,,,,,,TRUE
inshuman,in-shoo-MAN,v,added,,,,,FALSE
insulto,in-SOOL-toh,n,insult,,,,,FALSE
intorturom,,,,,,,,TRUE
inusil,ee-noo-SEEL,v,run after,"osil, usil",,,past participle form of osil,FALSE
ipagghod,ee-pag-GHOD,v,"to tie, rein in",kalut,,,,FALSE
ipaghal,ee-pag-HAL,v,forbid,,,,,FALSE
ipah'sas,ee-pah-SAS,v,"show, to reveal",,,,,FALSE
ipahat,ee-pah-HAT,v,try one’s utmost,,,,,FALSE
ipapati,,,,,,,,TRUE
iparas,ee-pah-RAS,v,"to try, to attempt",,,,,FALSE
ipasas,,,,,,,,TRUE
ipasdong,ee-pahs-DONG,n,"stranger, from a faraway place, migrant",,,,,FALSE
ipasnek,ee-pahs-NEK,v,"keep in mind; do wholeheartedly, be dedicated; put one’s heart and mind to",,,,,FALSE
ipavodod,ee-pah-voh-DOD,v,lend,,,,,FALSE
ipiyal,ee-pee-YAHL,v,entrust,,,,,FALSE
ipokdai,ee-pok-DYE,v,leave objects around,,,,,FALSE
ira,,,,,,,,TRUE
iray,,,Iray;,,,,,TRUE
isakpal,ee-sak-PAL,v,"put on top of, lay",,,,,FALSE
iscueda,ees-KWEH-dah,n,"student, pupil",,,,,FALSE
isedad,ee-seh-DAD,v,boil (meat),,,,,FALSE
isem,EE-sehm,n,smile,ngih’shit,,,,FALSE
isengdit,ee-seng-DEET,v,fry,"isengdiw, kilog",,,,FALSE
isengdiw,ee-seng-DEEW,v,fry,"isengdit, kilog",,,,FALSE
ishal'sheng,,,,,,,,TRUE
ishuggui,ee-SHOOG-gwee,v,"to start, to begin",ikafu,,,,FALSE
ishuh'dog,ee-shoo-DOG,v,"push, let something go through a hole or narrow opening, thread a needle",,,,,FALSE
ishuhey,ee-SHOO-hay,v,lengthen,,,,,FALSE
isingpet,ee-sing-PET,v,"arrange, fix, take care of, keep",amag,,,,FALSE
ispital,ees-pee-TAL,n,hospital,,,,,FALSE
istayan,ees-TAH-yan,,almost,,,,,FALSE
istoria,ees-TOH-ree-yah,n,"story, tale, narrative",,,,,FALSE
isu-ol,ee-SOO-ol,v,to dry over a fireplace,,Isu ol ko ja keyew tep embasa,I will dry this wood because it's still wet.,,FALSE
isunga,,,,,Eshakel e basura shi kalsara isunga dinisan tayo asay maksayan. | Naytuhi numan nay mulaan to isunga etuwang ni powek.,"We have so much waste in the street, so let us clean to reduce/lessen the waste. | It was planted on a shallow ground, that's is why it fell during the storrm.",,TRUE
itak'ked,ee-TAK-ked,v,wait,ekanin,,,,FALSE
itaron,ee-tah-RON,v,"like, compare to, used to",arig,,,,FALSE
iteneng,ee-teh-NENG,v,"listen, hear",,,,,FALSE
itenengan,,,,,,,,TRUE
itil,EE-teel,n,"hard work, labor",ubda,,,,FALSE
itungpal,ee-toong-PAL,v,"achieve, make good, comply",,,,,FALSE
ivadoi,,,,,,,,TRUE
ivong,ee-VONG,v,"throw, discard",balengbeng,,,,FALSE
iyan,ee-YAN,v,"stay, put",,,,,FALSE
iyas,EE-yahs,n,stick poles for climbers as in beans; reed used as climbers,,,,,FALSE
iyay,ee-YAY,pro,this,,,,,FALSE
jabjab,JAB-jab,v,fan,,,,,FALSE
jadjaran,jad-jah-RAN,n,a kind of bird,,,,,FALSE
jah’keng,JAH-kehng,v,"hop and skip, step over",,,,,FALSE
jah’pas,jah-PAS,v,"go over the rim, jump a fence",,,,,FALSE
jah’tok,JAH-tok,v,jump,,,,,FALSE
jakjak,JAK-jak,n,sieve,,,,,FALSE
jamjam,JAM-jam,n/v,"advice, advise, reprimand, pep-talk","bilin, cowanen",,,,FALSE
jasjas,JAS-jas,n,breath,,,,,FALSE
jegjeg,JUHG-juhg,n,earthquake,,mapkes e jegjeg,the earthquake is strong,,FALSE
jen,,,,,Marikit jen balasang | Sikami jen pamilja ket kami ka mengan shi do-ongan ni baley mi. | Eshakel e buwek nen nanang ko jen emputi. | Ebadeg e digat nen nanang niman jen  ashe las tatang.,"Beautiful Lady | We as a family we eat under the house. | My mother has so many white hair. | The life of my mother was hard, when our father past away.",,TRUE
jet,JUHT,conj,"then, and then, so","et, djet",,,,FALSE
joggao,JOG-gaw,n,rice porridge,,,,,FALSE
joh’joh’kow,JOH-JOH-kow,n,fern creepers,,,,,FALSE
joh’kow,JOH-kow,adj,sleepy,,Kita ka un joh'kow nu kajem e tabtabalan.,It's sleep-inducing when boyfriend/girlfriend is being talk about.,,FALSE
joksos,JOK-sos,n,"sadness, melancholy",,,,,FALSE
jon,,,,,,,,TRUE
ka-asi,ka-AH-si,adj,pitiful,,,,,FALSE
ka-et,KHA-eet,n,"fellowmen, company, kin, relatives","aishe afil id, bunak, ka-it",,,,FALSE
ka-it,KHA-eet,n,"relatives, kin","aishe afil id, bunak, ka-et",,,,FALSE
ka-ong,KAH-ong,n,pig,,,,,FALSE
ka-ubingan,kah-oo-bee-NGAN,n,"contemporary, of the same age or generation",,,,,FALSE
kabajo,kah-vah-JOH,n,horse,,,,,FALSE
kabjon,KHAB-jon,n,sharp pronged hoe,,,,,FALSE
kadasan,kah-dah-SAN,n,"forest, woods, jungle",,Bfadeg huta en an kon kadasan.,I saw a big wood.,,FALSE
kaenbulbulow,kah-uhn-bol-bol-OW,v,barking,,,,,FALSE
kaensogsog,,,,,,,,TRUE
kafu,KHAH-foo,n,"cause, start","dason, kafuan",,,,FALSE
kafuan,kah-FOO-an,n,"cause, reason beginning, ancestors, forefathers","dason, kafu",,,,FALSE
kahoy,kah-HOY,n,casava,,,,,FALSE
kah’dang,kah-DANG,n,crab,katih’dang,,,,FALSE
kah’gwat,kah-GWAT,v,reach for,"bah’guwit, kao-at",Kah'gwat mo ga ima mangka.,Can you reach for the mango.,,FALSE
kai,,,,,,,,TRUE
kajem,KAH-juhm,n,,,Kita ka un joh'kow nu kajem e tabtabalan.,It's sleep-inducing when boyfriend/girlfriend is being talk about.,,TRUE
kajoan,,,,,,,,TRUE
kajom,,,,,,,,TRUE
kak,,,,,,,,TRUE
kakara,kah-KAH-rah,n/v,"purpose, intention, objective",,,,,FALSE
kakonsensiyaan,,,,,,,,TRUE
kala,kah-LAH,v,come,,,,,FALSE
kaledjay,kah-LUHD-jay,v,come here,,,,,FALSE
kaledjo,kah-LUH-joh,v,come,,,,,FALSE
kaligat,,,,,,,,TRUE
kalikatan,kah-lee-KAH-tan,adj,"hardest, most difficult",,,,,FALSE
kalimkeman,kah-LEEM-keh-man,n,eyelashes,,,,,FALSE
kaljang,,,,,,,,TRUE
kalkal,kal-KAL,v,chew,ngalngal,,,,FALSE
kalnero,kal-NEH-roh,n,lamb,,,,,FALSE
kalsa,KAL-sah,n,cymbal used during the ceremonial dance,,,,,FALSE
kalumot,khah-loo-MOT,n,"fingers, toe/s",,,,,FALSE
kalut,kah-LOOT,n/v,"string, rope, or anything that can be used for tying; to tie, to bind",ipagghod,,,,FALSE
kambang,kahm-BANG,n,"copper, vat",dangkeng,,,,FALSE
kamengan,,,,,,,,TRUE
kamesita,kah-meh-SEE-tah,n,undershirt,,,,,FALSE
kamon,,,,,,,,TRUE
kangangam,,,,,,,,TRUE
kani-an,kah-NEE-ahn,v,hurry,,,,,FALSE
kantil,kan-TEEL,adj,"naughty, mischievous",,,,,FALSE
kao-at,kah-oh-AT,v,reach for,"bah’guwit, kah’gwat",,,,FALSE
kaon,,,,,,,,TRUE
kaootik,,,,,,,,TRUE
kapamilyam,,,,,,,,TRUE
kapasnekan,,,,,,,,TRUE
kapin-,,,,,,,,TRUE
kapin-showa,,,,,,,,TRUE
kapkap,kap-KAP,v,"feel, grope","capcap, kuwit",,,,FALSE
kapnekan,,,,,,,,TRUE
karakdan,,,most people;,,,,,TRUE
karakel,kah-rah-KEL,n,"quantity, degree",,,,,FALSE
karing,kah-RING,n,bracelet,,,,,FALSE
karkaro,,,,,,,,TRUE
kasasaad,,,,,,,,TRUE
kasat,kah-SAT,n,"fate, luck",,,,,FALSE
kasda-ao,kahs-dah-AO,adj,"unusual, surprising",,,,,FALSE
katas,kah-TAS,n,milk,,,,,FALSE
katel,kah-TEL,n/v,itch,,,,,FALSE
katih’dang,kah-TEEH-dang,n,crab,kah’dang,,,,FALSE
katin,kah-TEEN,n,"footprint; v step on, tread",,,,,FALSE
kato,kah-TOH,n,"type of mushroom, small and brownish",,,,,FALSE
kau,,,,,,,,TRUE
kavol,,,basis;,,,,,TRUE
kawedo,kah-WEH-doh,av,on the eighth day,,,,,FALSE
kawil,kah-WEEL,n,bowl made from coconut shell,,,,,FALSE
kawitan,kah-WEE-tan,n,rooster,,,,,FALSE
kay,,,,,,,,TRUE
kaya,,,,,,,,TRUE
kayengkeng,kah-yeng-KENG,n,"spasm, tremor",,,,,FALSE
kaykayot,kay-kah-YOT,n,"clothes, rags, old and tattered clothes",baro,Kinamkam to huta kaykayot chi kwadto. | Angken aleben sigurado ket entuloy to ladta. | Memmodod ak ga ni payong mo.,She picked up all the rags from the room. | Even if its unsure she/he continued to do it. | Can I borrow your umbrella.,,FALSE
kayo,,,,,,,,TRUE
kayon,,,,,,,,TRUE
kedked,ked-KED,v,cut up,,,,,FALSE
kedot,keh-DOT,n,"a ceremonial rite accompanied by feasting, singing (chanting), and sometimes dancing",,,,,FALSE
kedpel,ked-PEL,n/v,"blow, box, strike",kelbig,,,,FALSE
kedti-il,ked-TEE-eel,n,stamina,,,,,FALSE
kefut,keh-FOOT,n,small backside; v scare,,,,,FALSE
kehing,keh-HING,n,little finger,,,,,FALSE
keikeiy,kay-KAY,n,motion,,,,,FALSE
kelao,keh-LA-oh,n,calf,,,,,FALSE
kelbig,kel-BIG,n/v,"box, strike",kedpel,,,,FALSE
keling,keh-LING,n,bird with a red spot on its neck,,,,,FALSE
keljao,kel-JA-oh,v,"shout, yell, sream",,,,,FALSE
kelmeg,kel-MEG,v,"hold onto, grasp",,,,,FALSE
kemkem,kem-KEM,v,hold tightly,,,,,FALSE
kemkeman,kehm-keh-MAN,n,eyelids,,,,,FALSE
kemkemti,kuhm-KUHM-tee,n,firefly,,,,,FALSE
kentoman,ken-toh-MAN,n,"sweet, gelatinous, red rice grown in the highlands",en-amis,,,,FALSE
kerol,keh-ROL,n,thunder,kirol,,,,FALSE
kes-en,KES-en,v,heave,,,,,FALSE
keshew,KEH-shoo,v,ask,,,,,FALSE
ket,,,,,"Huta asok ket ayop ja shili. | Sikami jen pamilja ket kami ka mengan shi do-ongan ni baley mi. | si tatang ko ket na-enshi nunta 2018. | Angken aleben sigurado ket entuloy to ladta. | Say emausal ma ja almas niman ja tempo ket aliwena paltog, nu di ket Esel nen Apo.","My dog is too tamed. | We as a family we eat under the house. | My dad past away back 2018. | Even if its unsure she/he continued to do it. | In this present time, the weapon used is not a gun, but the Word of God.",,TRUE
ketdang,ket-DANG,n,"camote/yam vine ready to plant; v snap, break",buwey,,,,FALSE
ketdi,,,,,,,,TRUE
keteb,kuh-TUHB,n,bedbug,,,,,FALSE
kevot,keh-VOT,v,steal,,,,,FALSE
kewal,keh-WAHL,v,"mix, stir",,,,,FALSE
khaet,,,,,,,,TRUE
kias,KEE-ahs,n/v,"hiss, swish, swoosh",,,,,FALSE
kih’nit,kih-NEET,n/v,wink,,,,,FALSE
kih’not,kih-NOT,v,pick the bone clean,,,,,FALSE
kilog,KEE-log,v,fry,"isengdit, isengdiw",,,,FALSE
kilot,KEE-lot,n,mud; av muddy,,,,,FALSE
kimat,kee-MAHT,n,lightning,,,,,FALSE
kina,,,,,,,,TRUE
kinagwapo,,,,,,,,TRUE
kinamarekit,,,,,,,,TRUE
kinapateg,,,,,,,,TRUE
kinashakel,,,,,,,,TRUE
kini-nitan,,,,,,,,TRUE
kinuntalan,,,,,,,,TRUE
kirol,kee-ROL,n,thunder,kerol,,,,FALSE
kita,,,,,Kita ka un joh'kow nu kajem e tabtabalan.,It's sleep-inducing when boyfriend/girlfriend is being talk about.,,TRUE
kitedjo,kee-TEH-jo,pro,"us, we",kito,,,,FALSE
kito,KEE-toh,pro,"us, we",kitedjo,,,,FALSE
kiyow,KEE-yow,n,"tree, wood",,,,,FALSE
ko'y,,,,,,,,TRUE
koho,KOH-hoh,n,fingernails,,,,,FALSE
komod,koh-MOD,n,heel,,,,,FALSE
koton,koh-TON,n,ant/s,,,,,FALSE
kuh’shit,kuh-SHEET,v,"kindle, light a match",,,,,FALSE
kura,KOO-rah,n,cap,cadovong,,,,FALSE
kurab,koo-RAB,adj,blind,,,,,FALSE
kuvat,koo-VAT,n,war,,,,,FALSE
kuwit,koo-WEET,v,"touch, feel, nudge, make a pass at",kapkap,,,,FALSE
ladta,,,Ladta;,,Pilak ladta e piyan ni caracdan.,Money is what the majority wants.,,TRUE
lola,loh-LAH,n,grandmother,,,,,FALSE
lolang,loh-LANG,n,grandmother,,,,,FALSE
lolo,LOH-loh,n,grandfather,,,,,FALSE
lolong,loh-LONG,n,grandfather,,,,,FALSE
ma-ali,mah-AH-lee,v,"coming, here he/she comes",mansebi,,,,FALSE
ma-anos,mah-AH-nos,adj,patient,,,,,FALSE
ma-asas,mah-AH-sas,adj,"visible, can be seen",,,,,FALSE
ma-ikot,mah-EE-kot,adj,selfish,,,,,FALSE
ma-ingpis,mah-ing-PEES,adj,"thin, flimsy",epigghot,,,,FALSE
ma-is,mah-EES,n,corn,,,,,FALSE
ma-oy-oyok,mah-oy-OY-ok,adj,"submissive, meek, obedient, tolerant",mavaba-ing,,,,FALSE
ma-u-oggip,mah-oo-OG-gip,adj,asleep,,,,,FALSE
ma-u-owap,mah-oo-OH-wap,adj,"liar, untruthful",,,,,FALSE
ma-ukip,mah-OO-keep,v,"to sleep, will sleep",,,,,FALSE
maakseptar,,,,,,,,TRUE
maanapan,,,,,,,,TRUE
maayshian,,,,,,,,TRUE
madibhan,,,,,,,,TRUE
madmad,mad-MAD,n/v,"prayer, pray, ask for blessing/s",,,,,FALSE
madtes,mad-TES,n,Tuesday,,,,,FALSE
mafidi,,,,,,,,TRUE
mafispis,mah-FIS-pis,adj,"choosy, picky",,,,,FALSE
mahedsel,mah-HED-sel,adj,"bad, evil","cotay, maladamsis, nga-ow",,,,FALSE
mahelting,mah-HEL-ting,adj,"fair, pretty",mamapteng,,,,FALSE
mahina,mah-HEE-nah,n,machine,,,,,FALSE
mah’kes,mah-KES,n,"grief, sorrow",,,,,FALSE
mah’ma-en,mah-mah-EN,v,"cause to worsen, add oil to the fire (id)",,,,,FALSE
mah’mah’ket,mah-mah-KET,adj,"quiet, silent, shy",mavaba-ing,,,,FALSE
mah’shem,mah-SHEM,av,afternoon,,,,,FALSE
makajasi,,,,,,,,TRUE
makshel,,,,,,,,TRUE
mala,,,,,,,,TRUE
maladamsis,mah-lah-dahm-SEES,adj,"bad, evil","cotay, mahedsel, nga-ow",,,,FALSE
malamang,mah-lah-MANG,adj/av,"doubtful, doubtfully",,,,,FALSE
malka,MAL-kah,n/v,mark,,,,,FALSE
mam,MAHM,prefix,as a prefix to a verb means to or will/shall,,,,,FALSE
mama,MAH-mah,n,betel nut (usually chewed with lime),,,,,FALSE
mamajat,,,,,,,,TRUE
mamapteng,mah-map-TENG,adj,"beautiful, pretty, lovely",mahelting,,,,FALSE
mambajokjok,mam-bah-JOK-jok,v,"running water, water gushing",,,,,FALSE
mambebngis,mam-BEB-ngis,v,growing,,,,,FALSE
mambejo,mam-beh-HO,v,"to pound rice, pounding rice",,,,,FALSE
mambudang,mam-boo-DANG,v,two or more animals in a fight with their heads and horns smashing against one another,,,,,FALSE
mambudo,mam-BOO-doh,v,washing/will wash one’s hands,,,,,FALSE
mambunget,mam-BOON-get,adj,angry,,,,,FALSE
mambuniyang,mam-boo-nee-YANG,v,"glowing in the dark, afire, aglow",,,,,FALSE
mambunong,mam-BOO-nong,n,native priest/priestess,,,,,FALSE
mampusos,mam-poo-SOS,v,to hang oneself,,,,,FALSE
man,MAHN,prefix,as a prefix to a verb means to; indicates the progressive or the future tense,,,,,FALSE
man-a-agujuk,man-ah-ah-goo-JOOK,v,walking slowly or stealthily,,,,,FALSE
man-a-atong,man-ah-ah-TONG,adj,"feverish, hot","en-atong, masedang",,,,FALSE
man-adiam,man-ah-DEE-ahm,v,"go all the time, to frequent a place",,,,,FALSE
man-adivay,man-ah-DEE-vay,v,"play, visit with",adivay,,,,FALSE
man-ah’sek,man-ah-SEHK,v,"planting, will plant",,,,,FALSE
man-akbot,man-AHK-bot,v,"to bundle up, to pack up",,,,,FALSE
man-as-asneng,man-ahs-ahs-NENG,av,"unwilling, hesitant",,,,,FALSE
man-asil,man-ah-SEEL,v,"to play, playing, will play",,,,,FALSE
man-bangdo,man-BANG-doh,adj,fragrant,,Man-bangdo e naiduton sira.,The food prepared smells good.,,FALSE
man-cabdong,man-kab-DONG,v,"to swim, swimming",,,,,FALSE
man-cakak,man-kah-KAK,adj,hollow,,,,,FALSE
man-e-kad,,,,,,,,TRUE
man-ekad,man-eh-KAD,v,"walking, will walk",,,,,FALSE
man-emtang,man-em-TANG,adj,"crazy, insane","bagtit, ban-ag, eban-ag, man-engngao",,,,FALSE
man-engngao,man-eng-NGAO,adj,crazy,"bagtit, ban-ag, eban-ag, man-emtang",,,,FALSE
man-enni,man-EN-nee,v,"to harvest, harvesting, will harvest",epiten,,,,FALSE
man-esol,man-eh-SOL,v,"fetching water, will fetch water",,,,,FALSE
man-imon,man-EE-mon,v,be jealous,,,,,FALSE
man-ingnges,man-ing-NGES,v,"be the same, be like",,,,,FALSE
man-iyaman,man-ee-YAH-man,v,"be grateful, be thankful",,,,,FALSE
man-manok,man-man-OK,n,"fowl, chickens",,,,,FALSE
man-o-ota,man-oh-OH-tah,v,"vomiting, feeling nauseated",,,,verb form with prefix man- (“doing”) from root ota (“vomit”),FALSE
man-od-odop,man-od-oh-DOP,v,going together,,,,,FALSE
man-ubda,man-OOB-dah,,will work,,,,,FALSE
man-ukan,man-OO-kahn,v,to cook,,,,,FALSE
man-uma,,,,,,,,TRUE
man-urodop,man-oo-roh-DOP,v,"go all together, go simultaneously",,,,,FALSE
manbebayutok,man-beh-bah-yoo-TOHK,v,"tears falling, tears running down the cheeks",,,,,FALSE
manbedin,man-beh-DEEN,v,"to become, will become",manbodia,,,,FALSE
manbiyeng,man-bee-YENG,v,going fast,,,,,FALSE
manbodia,man-boh-DEE-ah,v,"watching, will become",manbedin,,,,FALSE
manbonbontog,man-bon-bon-TOG,v,acting slowly or sluggishly,,,,,FALSE
manbunga,man-BOO-ngah,v,flowering,,,,,FALSE
manbunget,man-BOON-get,v,is angry,,manbunget bangon bulow,Bark is angry and will get up,,FALSE
manbungog,man-BOO-ngog,v,resounding,,,,,FALSE
mandagbo,,,"to earn, earning;",,,,,TRUE
mandasniyang,man-dahs-nee-YANG,v,can be seen through,,,,,FALSE
mandebos,man-deh-BOS,v,"to go naked, undress",,,,,FALSE
mandekdek,man-dek-DEK,v,"stalk, to spy on",,,,,FALSE
mandileng-et,man-dee-LENG-et,v,"perspiring, sweating",,,,,FALSE
mandining,man-dee-NING,adj,"shining, glittering",,,,,FALSE
manduto,,,"cooking, will cook;",,,,,TRUE
manemnem,man-em-NEM,adj,"wise, sagacious, thoughtful",,,,,FALSE
manengngis,man-eng-NGIS,v,crying,,,,,FALSE
mangka,MANG-kah,n,mango,,,,,FALSE
mangka-idinggin-eti,mang-KAH ee-DING-gin EH-tee,v,sweating profusely,,,,,FALSE
mangkakatel,mang-kah-kah-TEL,adj,itchy,,,,,FALSE
mani,,,,,,,,TRUE
manipud,,,,,,,,TRUE
manital,man-ee-TAL,adj,"awake, jolly, lively, pert, witty",,,,,FALSE
manjasjas,man-JAS-jas,v,"breathing, alive","ebiag, ebiyag",,,,FALSE
manjoh’kow,man-JOH-kow,v,"be sleepy, be drowsy",,,,,FALSE
mankansiyon,man-kan-see-YON,v,"singing, will sing",,,,,FALSE
mankeiykeiy,man-KAY-kee-KAY,v,moving,,,,,FALSE
mankuh’ku-shep,man-koo-KOO-shep,v,flickering,,,,,FALSE
manmano,man-MAH-no,av/adj,"seldom, rarely; unique",,,,,FALSE
manmanok,man-mah-NOK,n,"fowl, birds",,,,,FALSE
manok,MAH-nok,n,"hen, chicken",,,,,FALSE
manotnot,man-OT-not,adj/v,"gossipy, gossip monger, gossip",,,,,FALSE
manpedit,man-peh-DEET,v,getting to be expensive,,,,,FALSE
manpukes,man-POO-kes,v,have a haircut,,,,,FALSE
mansada,,,"to dance;
  2. dancing, will dance;",,,,,TRUE
mansah’dat,man-sah-DAT,v,change,,,,,FALSE
mansebi,man-SEH-bee,v,"approaching, coming",ma-ali,,,,FALSE
mansedangat,man-seh-DAH-ngat,adj,very hot and spicy,,,,,FALSE
manshah’dop,man-shah-DOP,v,"to wash one’s face, washing one’s face",,,,,FALSE
manshanag,man-SHAH-nag,,worrying,,,,,FALSE
manshashala,man-sha-SHAH-lah,v,bleeding,,,,,FALSE
mansheguat,man-sheh-GWAHT,v,"to pray, to ask",ibaggha,,,,FALSE
manshinamag,,,,,,,,TRUE
manshushuwa,man-shoo-SHOO-wah,v,to be undecided,,,,,FALSE
mansih’bok,man-seeh-BOHK,n/v,"seer, clairvoyant; to foresee, to read into the future",,,,,FALSE
mansinulat,,,,,,,,TRUE
mansudat,man-soo-DAT,,will write,,,,,FALSE
mantetbal,,,,,,,,TRUE
mantinawag,,,,,,,,TRUE
mantiyap,man-TEE-yap,v,"soaring, to/will soar/fly",,,,,FALSE
mantuned,man-too-NED,v,"to plant rice, planting rice",,,,,FALSE
map-mapteng,map-map-TUHNG,n,better,,,,,FALSE
marama,mah-RAH-mah,av,"on going, in progress",,,,,FALSE
maranum,mah-RAH-noom,adj,"juicy, moist",,,,,FALSE
marikit,mah-REE-kit,n/adj,young lady,,Marikit jen balasang,Beautiful Lady,,FALSE
marinal,mah-REE-nal,adj,"bold, confident",,,,,FALSE
marunong,mah-ROO-nong,adj,"good, trustworthy",masiya,,,,FALSE
mas,,,,,,,,TRUE
masbali,mas-BAH-lee,conj,"even if, better yet, rather",angken,,,,FALSE
masda-aow,mas-dah-AH-ow,v,to be surprised,,,,,FALSE
masdo,MAS-doh,adj,"hardworking, industrious",,,,,FALSE
masedang,mah-seh-DANG,adj,"hot, spicy","en-atong, man-a-atong",,,,FALSE
mashel,mah-SHEL,adj,thick,,,,,FALSE
masiguat,mah-see-GWAHT,av,"occupied, pre-occupied, busy",,,,,FALSE
masih’met,mah-seeh-MET,adj,"willing, eager",,,,,FALSE
masiya,mah-SEE-yah,adj,"good, suitable, bountiful",marunong,,,,FALSE
maskulado,mas-koo-LAH-doh,adj,muscular,,,,,FALSE
mata,mah-TAH,n,eye/s,,"Ekurab e mata nen lolok, kabol ni cellphone.","My grandfather eyes was blind, because of cellphone.",,FALSE
mateba,mah-TEH-bah,adj,"stout, fat",,,,,FALSE
mavaba-ing,mah-vah-bah-ING,adj,"shy, meek, humble","ma-oy-oyok, mah’mah’ket",Mavaba-ing tep eshakel e to-o.,Too shy with so many people,,FALSE
mavatan,,,,,,,,TRUE
maviden,,,,,,,,TRUE
may,,,,,"En amis numan e Dipig ja balat nu may shek-shek. | Edavi ma, asan ta mwan may tuloy nu kabasan.","Dipig' banana is delicious when boiled. | It's already night, let's continue again tomorrow.",,TRUE
may-aknan,mai-AHK-nahn,v,will be given,,,,,FALSE
may-ibong,mai-EE-bong,v,"will be spilled, will be thrown",,,,,FALSE
may-ukan,,,,,,,,TRUE
mayat,,,okay,,Mayat i cadovong ko. | mayat numan in pan adivay sha,My hat is nice. | they had a good conversation experience,,TRUE
mayka-ngit,,,,,,,,TRUE
maykuwan,mai-koo-WAHN,v,"to say, to tell, will tell",ikuwan,Maykuwan e uston dekna.,Tell your true feelings.,,FALSE
maymayat,,,,,,,,TRUE
maypidit,,,,,,,,TRUE
maysudat,mai-soo-DAHT,,will be written,,,,,FALSE
mebbedin,meh-beh-DEEN,v,can be,,,,,FALSE
medisdismaya,,,,,,,,TRUE
meki,,,,,,,,TRUE
mekkan,MEHK-kahn,n/v,"food, to be eaten",,,,,FALSE
mekkeman,MEHK-keh-mahn,v,"to participate, be part of",,,,,FALSE
mekpes,,,,,,,,TRUE
meksayan,mek-SA-yan,v,"to be reduced, to lessen",,,,,FALSE
melaeng,,,,,,,,TRUE
memengit,,,,,,,,TRUE
memmodod,mem-mo-DOD,v,act of borrowing,,Memmodod ak ga ni payong mo.,Can I borrow your umbrella.,,FALSE
menanahot,me-na-na-HOT,adj,"frightful, dangerous, risky, scary",dagghud,,,,FALSE
menanekshek,me-na-nek-SHEK,v,boiling,"balekbek, menekshek",,,,FALSE
menangshang,me-nang-SHANG,v,to warm one’s self before a fire,,,,,FALSE
menekshek,me-nek-SHEK,v,boiling,"balekbek, menanekshek",,,,FALSE
meng-ngungusil,meng-ngu-ngu-SIL,v,"coming after, running after",pan-usila,,,"agentive, reduplicated form",FALSE
mengan,meng-AN,v,"to eat, will eat",,Sikami jen pamilja ket kami ka mengan shi do-ongan ni baley mi.,We as a family we eat under the house.,,FALSE
mengasuva,,,,,,,,TRUE
mengdot,meng-DOT,v,perform some rites presided by a priest/priestess and inevitably accompanied by partying and merrymaking,,,,,FALSE
mengenit,,,,,,,,TRUE
mengenop,meng-eh-NOHP,v,"to hunt, will hunt",,,,,FALSE
mengesawa,meng-eh-sah-WAH,v,to get married,,,,,FALSE
mengeshem,meng-eh-SHEM,v,"to court, woo",,,,,FALSE
mengi-pa-pe-daw,,,,,,,,TRUE
mengikowan,,,,,,,,TRUE
mengisingpet,,,,,,,,TRUE
mengmag,,,,,,,,TRUE
mengnap,,,,,Aligwena enam-ay ma niman ja tempo ja mengnap ni pan dagbo-ab.,Today's it's not easy to find a job to earn a living,,TRUE
mengngebig,meng-neh-BEEG,v,to curse,,,,,FALSE
mengngesim,meng-neh-SEEM,v,will harvest/pick,,,,,FALSE
menmek,,,,,,,,TRUE
mennakshak,men-nak-SHAHK,v,"crossing, going across",,,,,FALSE
mepaay,,,,,,,,TRUE
meppangdo,mep-pahng-DOH,v,"go first, be ahead",,,,,FALSE
mesepol,meh-se-POHL,v,"need, have to",,,,,FALSE
meskitan,mes-kee-TAHN,v,"exposed to the sun, get sunburned",,,,,FALSE
metey,,,,,,,,TRUE
midkoles,mid-KOH-les,n,Wednesday,,,,,FALSE
mirasol,mee-rah-SOHL,n,sunflower,,,,,FALSE
misu-ot,mee-soo-OHT,n/v,frown,,,,,FALSE
mo's,,,,,,,,TRUE
mo'y,,,you,,,,,TRUE
moak,,,,,,,,TRUE
mogadi,,,,,,,,TRUE
mon,,,,,,,,TRUE
motit,moh-TEET,n,wildcat,,,,,FALSE
motok,,,,,,,,TRUE
mowan,moh-WAHN,av,again,,,,,FALSE
mul-ok,mool-OHK,n,"damp, mist",ulep,,,,FALSE
mutit,moo-TEET,n,wildcat,,,,,FALSE
mutok,moo-TOK,n/v,arrival; to arrive,,,,,FALSE
mwak,,,,,,,,TRUE
na-aggang,nah-AH-gang,adj,hungry,,,,,FALSE
na-akow,NA-a-kow,av,daylight,eguagua,,,,FALSE
na-anod,na-AH-nod,v,drowned,,,,,FALSE
na-atiw,na-AH-tiw,v/adj,lost,"edighao, na-avak",Na-atiw i pilak ko ni nashem,My money was lost yesterday,,FALSE
na-avak,na-AH-vak,v,lost,"edighao, na-atiw",,,,FALSE
na-detan,,,,,,,,TRUE
na-enshi,na-UHN-shee,v,"disappeared, gone",,si tatang ko ket na-enshi nunta 2018.,My dad past away back 2018.,,FALSE
na-oghes,NA-oh-ghes,adj,"ugly, homely",,,,,FALSE
na-uma,nah-OO-mah,adj,"bored, tired of",,,,,FALSE
na-unod,nah-oo-NOD,v,"was last, left behind, lagged behind",,,,,FALSE
naages,,,,,,,,TRUE
naegjatan,,,,,,,,TRUE
naha,,,,,,,,TRUE
nahol,,,nahol;,,,,,TRUE
nah’busan,NAH-boo-san,v,"depleted, run out of, breathed one’s last, died",,,,,FALSE
nah’detan,NAH-duh-tan,v,"full of weeds, grassy",,,,,FALSE
nah’guwek,NAH-gwuhk,v,fell into a hole or a pit,,,,,FALSE
nah’ma,NAH-mah,v,"entranced, possessed, under a spell",,,,,FALSE
nah’peg,NAH-puhg,v,satisfied,nah’peggan,,,,FALSE
nah’peggan,NAH-puhg-gan,v,"contented, satisfied",nah’peg,,,,FALSE
nah’shem,NAH-shuhm,av,yesterday,,,,,FALSE
nah’tan,NAH-tan,v,"change habitat, left from one place to go to another",,,,,FALSE
nah’tengan,NAH-tuh-ngan,adj,"old, mature, ancient",,,,,FALSE
nah’ti-an,NAH-tee-an,v,dried up,,,,,FALSE
nak,,,,,,,,TRUE
naksayan,nak-sa-YAN,v,"reduced, lessened",,,,,FALSE
naksheng,NAK-shuhng,v,"finished, done",,,,,FALSE
naktel,NAK-tuhl,v,"chilled, soaked in the rain, wet","embasa, nalbeng",,,,FALSE
nalbeng,NAL-buhng,adj,wet,"embasa, naktel",Nalbeng eh dilos ko.,My watch is wet.,,FALSE
nalpeng,nal-PUHNG,v,"lost consciousness, fainted",,,,,FALSE
nam-ay,nam-AY,adj,easy,,Ashe nam-ay ja biag.,There's no easy life.,,FALSE
namat,nah-MAT,v,imitate,,,,,FALSE
namtan,nam-TAM,v,taste,,,,,FALSE
nan-aadiyayan,,,,,,,,TRUE
nan-antohos,nan-an-toh-HOS,v,wearing glasses,,,,,FALSE
nan-apsol,,,,,,,,TRUE
nan-asol,nan-ah-SOL,v,fetched water,,,,,FALSE
nan-cabdong,nan-kab-DONG,v,swam,,,,,FALSE
nan-emot,nan-uh-MOT,v,hid,,,,,FALSE
nan-ingnges,nan-ee-NGUHS,av,"alike, the same, similar, identical",,,,,FALSE
nan-ingshas,nan-eeng-SHAS,av,"simultaneously, at the same time",,,,,FALSE
nan-ubda,nan-OOB-dah,,worked,,,,,FALSE
nan-ulop,NAN-oo-lop,v,went together,,,,,FALSE
nanang,nah-NANG,n,mother,,Eshakel e buwek nen nanang ko jen emputi. | Ebadeg e digat nen nanang niman jen  ashe las tatang.,"My mother has so many white hair. | The life of my mother was hard, when our father past away.",,FALSE
nanbisak,,,,,,,,TRUE
nanbulo,nan-BOO-loh,v,washed one’s hands,,,,,FALSE
nandasin,NAN-dah-sin,v,had more than anybody else,,En amis numan e Dipig ja balat nu may shek-shek.,Dipig' banana is delicious when boiled.,,FALSE
nandavos,NAN-dah-vos,adj,nude,,,,,FALSE
nangis,nah-NGIS,n/v,cry,,,,,FALSE
nankamalian,,,,,,,,TRUE
nansenemek,,,,,,,,TRUE
nanshanag,nan-sha-NAG,,worried,,,,,FALSE
nansulat,nan-SOO-lat,,wrote,,,,,FALSE
nansuwan,nan-soo-WAN,v,gwa-SAY,,,,,FALSE
nantifon,nan-tee-FON,v,"united, mated, married",,,,,FALSE
nantih’ko,nan-TEE-koh,adj,"crooked, curved",,,,,FALSE
nantulagan,,,,,,,,TRUE
naptang,nap-TANG,v,"warmed up, heated",,,,,FALSE
nay,,,,,Nay arague e eskwedaan ko. | Naytuhi numan nay mulaan to isunga etuwang ni powek.,"The school is too far. | It was planted on a shallow ground, that's is why it fell during the storrm.",,TRUE
nay-arague,nay-ah-RAG-weh,n,It is far,,,,,FALSE
nay-aravi,,,,,,,,TRUE
nay-askang,nay-as-KHANG,adj,"near, nearby",,,,,FALSE
nay-esek,nay-uh-SUHK,v,planted,,,,,FALSE
nay-olai,nay-oh-LAY,v,was/were abandoned,,,,prefix nay- + olai; stress stays on -lai,FALSE
nay-olay,nay-oh-LAY,v,"abandoned, gone to seed",in-olai,,,,FALSE
nay-uli,nay-oo-LEE,v,returned,,,,,FALSE
naybeka,nay-buh-KAH,v,buried,,,,,FALSE
naybeka-an,nay-buh-kah-AN,n,grave,,,,,FALSE
naybulak,nay-boo-LAK,v,scattered,naygualak,Naybulak muwan eh usal.,The things are scattered again.,,FALSE
naydaem,nay-dah-UHM,av,inside,,,,,FALSE
naygualak,nay-gwah-LAK,v,scattered,naybulak,,,,FALSE
nayjoh’nek,nay-joh-NUHK,v,sprained,,,,,FALSE
naykayang,nay-kah-YANG,av/id,"above; upstairs, second floor",,,,,FALSE
nayngivil,nay-ngee-VIL,prep,on the edge,,,,derived from ngivil; prefix nay- shifts stress to last,FALSE
naypaghel,nay-pah-GUHL,v,forbidden,,,,,FALSE
naypundarjen,,,,,,,,TRUE
naysemek,,,,,,,,TRUE
naysemekan,,,,,,,,TRUE
naysulat,nay-SOO-lat,,written,,,,,FALSE
naytihel,nay-tee-HUHL,v,caught between,,,,,FALSE
naytuhi,nay-TOO-hee,adj,shallow,,Naytuhi numan nay mulaan to isunga etuwang ni powek.,"It was planted on a shallow ground, that's is why it fell during the storrm.",,FALSE
nem,NUHM,conj,but,,"E-comid sikato, nem matekal.","He/She is flat nosedd, but smart.",,FALSE
nemnem,NUHM-nuhm,n,"thought, idea, wisdom",,,,,FALSE
nemnemmen,nuhm-nuhm-MUHN,v,"to think of, remember",,,,,FALSE
nemnenemen,,,,,,,,TRUE
nen,NUHN,prep,of,,"memapteng e pusa nen lolak. | Eshakel e buwek nen nanang ko jen emputi. | Ekurab e mata nen lolok, kabol ni cellphone. | Ebadeg e digat nen nanang niman jen  ashe las tatang. | Say emausal ma ja almas niman ja tempo ket aliwena paltog, nu di ket Esel nen Apo. | Haja nen asok e ka arol ko.","My grandmother's cat is so nice. | My mother has so many white hair. | My grandfather eyes was blind, because of cellphone. | The life of my mother was hard, when our father past away. | In this present time, the weapon used is not a gun, but the Word of God. | I sleep with my dog for now.",,FALSE
nga-ow,ngah-OW,adj,"bad, not right","cotay, mahedsel, maladamsis",,,,FALSE
ngaaw,,,past;,,,,,TRUE
ngadngad,ngad-NGAD,n/adj,red-rimmed eyes,,,,,FALSE
ngaful,ngah-FOOL,n,puppy,,,,,FALSE
ngafus,ngah-FOOS,n,burning end of,,,,,FALSE
ngah’ngah’,NGAH-ngah,n,"baby, infant",coyat,,,,FALSE
ngah’ta,NGAH-tah,v,open one’s mouth,,,,,FALSE
ngalakngak,ngah-lak-NGAK,n,"laughter, guffaw",ngih’ngi,Pigsay ngalakngak tu tep edadsak,She's happy that's why she laughed loud,,FALSE
ngalaongao,ngah-law-NGAW,adj,"boisterous, rowdy, noisy",,,,,FALSE
ngaled,ngah-LUHD,n/v,growl,ngarrel,,,,FALSE
ngalngal,ngal-NGAL,v,"chew, masticate",kalkal,,,,FALSE
nganto,ngan-TOH,pro,what,"na, ngantoy, ngaran",,,,FALSE
ngantoy,ngan-TOY,pro,"what, why, how","cas-ano, na, nganto, ngaran",,,,FALSE
ngaran,ngah-RAN,n/pro,"name, what","na, nganto, ngantoy",,,stress on first syllable,FALSE
ngarrel,NGAH-ruhl,n/v,growl,ngaled,,,doubled /r/ cluster; stress on first,FALSE
ngarud,NGAH-rood,conj,"therefore, whence, thus, because","dafu, gafut, un-ata",,,stress on first,FALSE
ngasa,NGAH-sah,n,waste,"cawas, damsis",,,stress on first; simple two-syllable form,FALSE
ngata,ngah-TAH,av,"Really?, Is that so?, doubtful expression",,,,stress on first,FALSE
nge-masa,nguh-mah-SAH,adj,wasted,,,,prefix nge- + masa; stress on 2nd,FALSE
ngekngek,ngek-NGEK,n/v,whimper,,,,reduplicated nasal + velar; stress on first,FALSE
ngem,NGUHM,conj,but,,,,short single syllable,FALSE
ngentoy,,,why;,,Ashalen ko nu ngentoy pesing man tusho,I will learn the strategies in teaching,,TRUE
ngepos,nguh-POS,n,"last flicker of light, ember, burning end of a piece of wood",,,,stress on first; two-syllable form,FALSE
ngih’ngi,NGEEH-ngeeh,n/v,"laughter, laugh",ngalakngak,,,stress on second,FALSE
ngih’shit,NGEEH-sheet,n/v,"smile, giggle",isem,,,has palatal fricative /ʃ/ like in she,FALSE
ngilin,ngee-LEEN,n/v,"period of bereavement; wedding, marriage ceremony",,,,stress on first,FALSE
ngisdao,ngees-DAW,n/adj,"missing tooth, toothless",,,,compound form; stress on second syllable,FALSE
ngivil,ngee-VEEL,n,edge,,,,stress on first; /v/ pronounced with light friction,FALSE
ngiyao,ngee-YAW,n,"cat, cat’s meow, ogre",,memapteng e pusa nen lolak.,My grandmother's cat is so nice.,diphthong -yao; stress on first,FALSE
ngo,NGOH,av,also,,,,short vowel; stress on single syllable,FALSE
ngodi,,,,,,,,TRUE
ngon,,,,,,,,TRUE
ngos,,,,,,,,TRUE
ngoy,,,,,,,,TRUE
ngu,,,,,,,,TRUE
ngun,,,,,,,,TRUE
ni olay,nee-oh-LAY,,all the time,,,,,FALSE
niman,nee-MAN,av,"now, currently",,"Ebadeg e digat nen nanang niman jen  ashe las tatang. | Say emausal ma ja almas niman ja tempo ket aliwena paltog, nu di ket Esel nen Apo. | Aligwena enam-ay ma niman ja tempo ja mengnap ni pan dagbo-ab.","The life of my mother was hard, when our father past away. | In this present time, the weapon used is not a gun, but the Word of God. | Today's it's not easy to find a job to earn a living",stress on first syllable; short vowels,FALSE
nimạn,,,,,,,,TRUE
ninamtan,nee-nam-TAN,v,tasted,,,,,FALSE
ningngil,NEE-ngeel,v/id,peep; check on,,,,reduplicated nasal cluster; stress on first,FALSE
ningning,NEENG-neeng,n,"look, appearance",,,,full reduplication; both syllables equal stress,FALSE
nita,,,,,,,,TRUE
niyug,nee-YOOG,n,coconut,,,,coconut; /yu/ as in you,FALSE
numan,,,,,Apaladoy adok to numan ni semek to. | Baknang numan era huta barkadak. | Eg in uli ni kaaruba mi huta binudod ton batiya. | mayat numan in pan adivay sha | Asdegto numan e binuras sha. | En amis numan e Dipig ja balat nu may shek-shek. | Naytuhi numan nay mulaan to isunga etuwang ni powek.,"He really persuaded his love for me. | My friends were rich. | Our neighbor did not return  our tub that they borrowed. | they had a good conversation experience | Their harvest was plentiful. | Dipig' banana is delicious when boiled. | It was planted on a shallow ground, that's is why it fell during the storrm.",,TRUE
nunta,noon-TAH,av/conj,"during, while, at",camon,si tatang ko ket na-enshi nunta 2018.,My dad past away back 2018.,stress on first; short final vowel,FALSE
nuntan,,,,,,,,TRUE
nuwang,noo-WANG,n,water buffalo,,,,final /ŋ/ velar nasal,FALSE
o-onito,oh-oh-NEE-toh,av,feeling much better,,,,"reduplicated verb form, stress on 3rd syllable",FALSE
o-owap,oh-oh-WAP,n,"lie, falsehood","bah’sil, u-owap",,,reduplicated verb form,FALSE
obda,ob-DAH,n/v,"work, toil",ubda,,,stress on last syllable; initial glottal onset,FALSE
oditen,oh-DEE-tuhn,v,"relate, tell, narrate",,,,stress on second; three syllables,FALSE
ogghip,oh-GEEP,n/v,sleep,,,,doubled /g/ cluster; stress on second,FALSE
ogkayo,,,,,,,,TRUE
ojes,oh-JUHS,n/v,"skin, peeling; to peel, pare",,,,stress on second,FALSE
ojet,oh-JUHT,v,"eke out, elicit",,,,stress on second; final /t/ often unreleased [t̚],FALSE
ok-ok,OK-ok,n/v,cough,,,,reduplicated; glottal onset in second syllable,FALSE
ol-olay,ol-oh-LAY,,always,,,,,FALSE
ol-olay,ol-oh-LAY,,all the time,,,,,FALSE
olay,oh-LAY,,abandoned,,,,,FALSE
oleg,oh-LUHG,n,snake,,,,stress on second; final /g/ often velar stop [ɡ],FALSE
oles,oh-LUHS,n,blanket,,,,stress on second; final /s/ can be lightly hissed [s̻],FALSE
olop,oh-LOP,v,"take with, bring with, go with someone, bring along someone",,,,stress on second; final /p/ may be unreleased [p̚],FALSE
on-an,,,,,,,,TRUE
on-angem,on-NGUHM,,but,,,,,FALSE
ondekna,,,,,,,,TRUE
onito,oh-NEE-toh,av,better (as in feeling better),,,,,FALSE
ono,,,,,,,,TRUE
onoran,,,,,,,,TRUE
onpadigat,,,,,,,,TRUE
onusim,,,,,,,,TRUE
osil,OH-seel,v,run after,"inusil, usil",,,,FALSE
osilen,oh-SEE-luhn,v,"to run after, will run after",,,,verb form derived from osil,FALSE
osto-osto,os-TO-os-TO,av,"exactly, perfectly",,,,reduplicated adverb,FALSE
ota,OH-ta,n/v,vomit,,,,,FALSE
otik,,,,,,,,TRUE
otot,OH-tot,n,"mouse, rat",,,,,FALSE
ovodan,oh-VOH-dan,n,stone used for sharpening knives and other tools,,,,stress on last syllable,FALSE
ovol,oh-VOL,v,"hone, sharpen",,,,,FALSE
owek,oh-WEHK,n/v,pierce with stake,,,,stress on 2nd syllable,FALSE
owen,OH-wuhn,,yes,,,,,FALSE
oyok,OH-yok,v,"to be meek, to be submissive, to yield",,,,,FALSE
oyokan,oh-yoh-KAN,n,wild berry,,,,,FALSE
paay,,,,,,,,TRUE
paggow,PAH-gow,n,chest,,,,,FALSE
pak-paho,,,,,,,,TRUE
palado,,,"extreme, worse, too much, severely, brutally",,,,,TRUE
pamilja,pah-MEEL-ja,n,family,,Sikami jen pamilja ket kami ka mengan shi do-ongan ni baley mi.,We as a family we eat under the house.,,FALSE
pamiljam,,,,,,,,TRUE
pan,,,,,Aligwena enam-ay ma niman ja tempo ja mengnap ni pan dagbo-ab. | mayat numan in pan adivay sha,Today's it's not easy to find a job to earn a living | they had a good conversation experience,,TRUE
pan-anos,pan-AH-nos,v,be patient,anosan,Pan-anos kad panag-eskwedam.,Be patient on your studies.,,FALSE
pan-ekad,,,,,,,,TRUE
pan-usila,pan-oo-see-LAH,v,running after,meng-ngungusil,,,nominalized form,FALSE
panbabawi,,,,,,,,TRUE
pandagboan,,,,,,,,TRUE
pangkep,,,,,,,,TRUE
paoney,,,,,,,,TRUE
papa-jew,,,,,,,,TRUE
para,,,for;,,,,,TRUE
parentis,,,,,,,,TRUE
pasensya-im,,,,,,,,TRUE
pay,,,,,Nganga ka pay eh man asagua ka,You’re too young to get married.,,TRUE
paylaeng,,,,,,,,TRUE
paylang,,,,,,,,TRUE
pekevas,,,,,,,,TRUE
pengamiaan,,,,,,,,TRUE
pesingan,,,,,,,,TRUE
pespesen,,,,,,,,TRUE
pidi,,,,,,,,TRUE
pidien,,,,,,,,TRUE
piga,,,"how much, how many;",,,,,TRUE
piniyan,,,,,,,,TRUE
pipiyan,,,Inclined;,,,,,TRUE
pisaw,,,,,,,,TRUE
pisbok,,,,,,,,TRUE
piyan,,,like;,,Piyan kon man pa ilot | Pilak ladta e piyan ni caracdan.,I want  to have a massage | Money is what the majority wants.,,TRUE
piyanen,,,,,,,,TRUE
piyek,pee-YUHK,n,chicks (newly hatched),,,,,FALSE
pohel,poh-HUHL,n,bones,,,,,FALSE
poweg,poh-WUHG,n,knee/s,,,,,FALSE
problema,,,,,,,,TRUE
pudno,,,,,,,,TRUE
puro,,,,,,,,TRUE
pusa,POO-sah,n,cat,,memapteng e pusa nen lolak.,My grandmother's cat is so nice.,,FALSE
puso,POO-soh,n,heart,,,,,FALSE
pusom,,,,,,,,TRUE
relasyon,,,,,,,,TRUE
rere,REH-reh,n,"complaint; v to complain, to question",,,,,FALSE
reshan,,,,,,,,TRUE
respitom,,,,,,,,TRUE
sabong,,,,,,,,TRUE
sadjay,,,this;,,,,,TRUE
sahey,,,one;,,,,,TRUE
saja,,,,,,,,TRUE
sakey,,,sak sakey;,,,,,TRUE
sakripisyo,,,,,,,,TRUE
samanak,,,,,,,,TRUE
san,,,,,,,,TRUE
san-akow,san-AH-khow,,all day,,San-akow ja nan-ayayam eray aanak.,The children played all day.,,FALSE
san-asagua,SAN-ah-SOOG-wah,n,married couple,,San-asagua era.,They are a married couple.,,FALSE
san-davi,san-DAH-vee,,all night,,Nan-ubda era ni san-davi.,They worked all night.,,FALSE
sangi,sah-NGEE,n,tooth/teeth,,,,,FALSE
sangka,,,,,,,,TRUE
sanka,,,,,,,,TRUE
sarot,,,lazy,,,,,
esarot,,adj,lazy,,,,,
sasasat,,,,,,,,TRUE
say,,,,,"e cubsil mo, say makal sakit ni deknam | Say emausal ma ja almas niman ja tempo ket aliwena paltog, nu di ket Esel nen Apo.","Let it go so that the pain will go | In this present time, the weapon used is not a gun, but the Word of God.",,TRUE
saya,,,Fun;,,,,,TRUE
sayak,,,,,,,,TRUE
sayno,,,,,,,,TRUE
seddi,suh-DEE,n,leg/s,,,,,FALSE
seho,SEH-hoh,n,elbow,,,,,FALSE
semek,,,love;,,"Apaladoy adok to numan ni semek to. | Arague ladtay semek ko, kaysa semek to sun sikam.","He really persuaded his love for me. | My love for you is far more, than his.",,TRUE
semsemek,,,,,,,,TRUE
sesmek,,,,,,,,TRUE
sesmekan,,,,,,,,TRUE
sesmeken,,,,,,,,TRUE
sha,,,,,mayat numan in pan adivay sha,they had a good conversation experience,,TRUE
sha-she-ko,,,,,,,,TRUE
shadsakak,,,,,,,,TRUE
shafan,shah-FAN,n,"sole, feet/foot",,,,,FALSE
shaha,,,they are,,,,,TRUE
shahel,,,many;,,,,,TRUE
shaken,,,,,,,,TRUE
shalan,,,"way;
  2. pathway;",,,,,TRUE
shalong,,,descending trail;,,,,,TRUE
shamo,,,,,,,,TRUE
shanag,sha-NAG,,worry,,,,,FALSE
she,,,,,,,,TRUE
shi,,,,,Sikami jen pamilja ket kami ka mengan shi do-ongan ni baley mi. | Wara inun-an ko ebang ag ja bee shi kalsara. | Eshakel e basura shi kalsara isunga dinisan tayo asay maksayan.,"We as a family we eat under the house. | I saw a crazy girl in the street. | We have so much waste in the street, so let us clean to reduce/lessen the waste.",,TRUE
shila,SHEE-lah,n,tongue,,,,,FALSE
shima,,,where;,,,,,TRUE
shiman,,,"there;
  2. there;
  3. over there;
  4. Idiot;",,,,,TRUE
shimanag,shim-ah-NAG,,worried,,,,,FALSE
shinshindan,,,,,,,,TRUE
shita,,,,,,,,TRUE
shiya,,,Shiya;,,,,,TRUE
shokey,,,,,,,,TRUE
showashowa,,,,,,,,TRUE
shuron,shoo-RON,n,grasshopper,,,,,FALSE
shushuti,shoo-SHOO-tee,n,dragonfly,,,,,FALSE
shuwa,,,two;,,,,,TRUE
si-kak,,,,,,,,TRUE
si-kato'y,,,,,,,,TRUE
sifet,SEE-fuht,n,cockroach,,,,,FALSE
sijanan,,,,,,,,TRUE
sikak,,,me;,,,,,TRUE
sikam,,,you;,,"Nu gwaray too ja ka unsharasharal sun sikam ja ayshi kabul, na apal era sun sikam","When someone badmouths you for no reason, they are jealous of you.",,TRUE
sikara,,,they;,,,,,TRUE
sikato,,,him / her,,"E-comid sikato, nem matekal. | Nu asen ko sikato, ka un gwingi. | bagtit sikato","He/She is flat nosedd, but smart. | When i try to look at her, she looks away. | he is crazy",,TRUE
sikatoy,,,"he is, she is, it is",,,,,TRUE
sikayo,,,you guys;,,,,,TRUE
silsilbi,,,,,,,,TRUE
simaya,,,,,,,,TRUE
singa,,,as if / like;,,,,,TRUE
singen,,,"like;
  2. like, as;",,,,,TRUE
sinmek,,,,,,,,TRUE
sinmekan,,,,,,,,TRUE
sinmer,,,,,,,,TRUE
sipek,,,,,,,,TRUE
sira,,,"viand;
  2. viand, main course;",,,,,TRUE
soli,,,,,,,,TRUE
son,,,,,,,,TRUE
sulat,soo-LAT,,write,,,,,FALSE
sun,,,to;,,"Nu gwaray too ja ka unsharasharal sun sikam ja ayshi kabul, na apal era sun sikam | Ikuwan ko sun manang ko. | Arague ladtay semek ko, kaysa semek to sun sikam.","When someone badmouths you for no reason, they are jealous of you. | I will tell my sister. | My love for you is far more, than his.",,TRUE
sunga,,,,,,,,TRUE
supotaran,,,,,,,,TRUE
susot,soo-SOT,n,intestines,,,,,FALSE
suta,,,the;,,,,,TRUE
sutan,,,,,,,,TRUE
sèsmeken,,,,,,,,TRUE
ta't,,,,,,,,TRUE
taha,,,taha;,,,,,TRUE
takdai,tak-DAY,n,hands,,,,,FALSE
talaga,,,,,,,,TRUE
tan,TAN,,and,,,,,FALSE
tangida,tah-ngee-DAH,n,ear/ears,,,,,FALSE
taraki,,,taraki;,,,,,TRUE
tatang,tah-TANG,n,father,,si tatang ko ket na-enshi nunta 2018.,My dad past away back 2018.,,FALSE
tau,,,,,,,,TRUE
tawen,,,,,,,,TRUE
tayaw,,,ibaloi dance;,,,,,TRUE
tayo,,,,,Eshakel e basura shi kalsara isunga dinisan tayo asay maksayan.,"We have so much waste in the street, so let us clean to reduce/lessen the waste.",,TRUE
tedo,,,three;,,,,,TRUE
temok,tuh-MOK,n,forehead,,,,,FALSE
tempo,,,weather;,,"Say emausal ma ja almas niman ja tempo ket aliwena paltog, nu di ket Esel nen Apo. | Aligwena enam-ay ma niman ja tempo ja mengnap ni pan dagbo-ab.","In this present time, the weapon used is not a gun, but the Word of God. | Today's it's not easy to find a job to earn a living",,TRUE
tep,,,"so that, because, thus;",,Imahad ak tep naagangak. | Eman uwab i nganga tep emanjokow.,I went home because I was hungry. | The baby yawns because she is sleepy.,,TRUE
tetit,TEH-tit,n,bird/s,,,,,FALSE
ti-yed,,,,,,,,TRUE
timedted,,,dripped;,,,,,TRUE
timpo,,,time;,,,,,TRUE
tinaw-en,tee-naw-UHN,,every year,,,,,FALSE
tinawtaw-en,tee-naw-TAW-uhn,,every year,,,,,FALSE
tinayanan,,,,,,,,TRUE
tinmungawan,,,,,,,,TRUE
tinunggawan,,,,,,,,TRUE
to0,,,,,,,,TRUE
toha,,,,,,,,TRUE
toktok,TOK-tok,n,head,,,,,FALSE
ton,,,,,Inpanbalen ton duvong e too bengat. | Baknang numan era huta barkadak. | Eg in uli ni kaaruba mi huta binudod ton batiya. | Pelmi afal to esunga chenechal toy kaet ton too.,She/He made the person his world. | My friends were rich. | Our neighbor did not return  our tub that they borrowed. | Because of jelousy she distroyed others.,,TRUE
tongawan,,,"chair, bench;",,,,,TRUE
town,,,,,,,,TRUE
toy,,,Where,,Pelmi afal to esunga chenechal toy kaet ton too.,Because of jelousy she distroyed others.,,TRUE
tugi,,,,,,,,TRUE
tukala,too-KAH-lah,v,come,,,,,FALSE
tukaljo,too-KAL-joh,v,come,,,,,FALSE
u-owap,OO-oh-wap,n,falsehood,"bah’sil, o-owap",,,two glottal stops [ʔ] separate vowels; stress on -o-,FALSE
ubda,OOB-dah,n/v,"work, labor","itil, obda",,,common everyday term,FALSE
ubdaan,,,,,,,,TRUE
ubing,oo-BEENG,n,"child, children; adj young",,,,stress on 2nd syllable; initial glottal stop before vowel,FALSE
ufa,OO-fah,n,hen,,,,,FALSE
ufo,OO-foh,n,"money, wine, rice, animals given during the wake of the dead in assistance to the bereaved family in the hope that the dead might share such things with other relatives who had died before him","addak, bangkilay, bekkas",,,stress on first syllable,FALSE
ugadi,oo-GAH-dee,n,"way, custom, tradition, characteristic",caragguian,,,stress on 2nd syllable,FALSE
uhob,OO-hob,v,"eat with, partake of",,,,stress on 2nd syllable,FALSE
ulai,,,,,,,,TRUE
ulao,oo-LAW,n/v,state of confusion; confused,,,,diphthong aʊ like in cow,FALSE
ulayto,oo-lay-TOH,v,"remains to be seen, perhaps, maybe",,,,stress on 2nd syllable,FALSE
ulep,OO-luhp,n,"fog, mist",mul-ok,,,stress on 2nd syllable,FALSE
uli,OO-lee,v,return,,Baknang numan era huta barkadak. | Eg in uli ni kaaruba mi huta binudod ton batiya.,My friends were rich. | Our neighbor did not return  our tub that they borrowed.,stress on 2nd syllable,FALSE
uling,OO-leeng,n,charcoal,,,,stress on 2nd syllable,FALSE
ulpo,OOL-poh,n,thigh/s,,,,,FALSE
ulsa,ool-SAH,n,deer,,,,,FALSE
uma,oo-MAH,n,"clearing in the woods or on the mountainside planted to root crops like yams, taro, bananas",,,,stress on 2nd syllable,FALSE
un-ata,oon-ah-TAH,conj,because,"gafut, ngarud",,,hyphen suggests affixation; glottal stop [ʔ] before vowel-initial morpheme,FALSE
unas,oo-NAS,n,sugar cane,,,,stress on first syllable,FALSE
unat,OO-nat,v,"stretch, straighten",,,,"stress on first, final -t is unreleased [t̚] in natural speech",FALSE
uno,,,uno;,,,,,TRUE
unod,OO-nod,v,"follow, heed; adj last, least",,,,stress on first; -d sometimes taps/flaps [ɾ] depending on dialect,FALSE
unpilshe,,,,,,,,TRUE
unu,,,,,,,,TRUE
urishi-an,oo-RIH-shi-an,n,younger one,,,,-shi- uses [ʃ] like “sh” in shoe; final -an often has glottal onset,FALSE
usil,oo-SIL,v,run after,"inusil, osil",,,stress on first syllable,FALSE
usok,oo-SOK,n/v,"mine, cave; enter",diyang,,,stress on first,FALSE
uston,oos-TON,,the right one,,Ngentoy uston nangyare?,What really happened?,,TRUE
utang,oo-TANG,n,debt,,Shakel utang nen Nena shi kantina.,Nena has a lot of debt at the store.,stress on first; ng = [ŋ] velar nasal,FALSE
uvan,oo-VAN,n,white or grey hair,,Shakel uvan nen lolo.,Grandpa has a lot of white hairs.,stress on first,FALSE
uvet,ooh-VUHT,n,"behind, buttocks",,Sinepdat nen nanang eh uvet ni nga-nga.,My mom spanked the child's butt.,stress on second syllable,FALSE
uwab,ohh-WAB,n/v,yawn,,Inmuwab eh nga-nga.,The baby yawned.,stress on first,FALSE
uwak,oo-WAK,n,crow,,Tinmayab eh uwak.,The crow flew.,,FALSE
vad-an,VAD-an,,,,,,,TRUE
wara,WAH-rah,,have,,Wara eh shanom ko.,I have water.,,TRUE
wara'y,wah-RAY,,there is ,,Warae inunan kon baka.,There is a cow I saw.,,TRUE
warad,WAH-rad,,there is at,,Warad baley eh bag ko.,My bag is at home.,,TRUE
warae,wah-rah-EH,,there is,,Warae inunan kon baka.,There is a cow I saw.,,TRUE
yet,,,,,,,,TRUE
you,,,,,,,,TRUE
yoyo,YOH-yoh,n,small eels found in the rice paddies,,Nangshel si tatang ko ni yoyo.,My dad caught an eel.,"both syllables with [j] glide, stress on first",FALSE
kenshat,,,,,,,,
baga,,,,,,,,
pinshas,,,,,,,,
cavajo,,n,horse,,,,,
alo-te-it,,n,lizard,,,,,
kamaptengan,,adj,best,,,,,
soso,,n,breast,,,,,
altei,,n,liver,,,,,
otin,,n,vagina,,,,,
boto,,n,penis,,,,,
koho ni seddi,,n,toenails,,,,,
afo,,n,grandfather,,,,,
lelong,,n,grandfather,,,,,
afo,,n,grandmother,,,,,
lelang,,n,grandmother,,,,,
pangina-an,,n,aunt,,,,,
pangama-an,,n,uncle,,,,,
kasingsing,,n,cousin/s,,,,,
afo,,n,grandchild,,,,,
afo,,n,grandchildren,,,,,
ka-afo-an,,n,ancestors,,,,,
ap-afo,,n,ancestors,,,,,
oguis,,n,hatred,,,,,
balei,,n,house,,,,,
taleb,,n,ceiling,,,,,
doh'suhan,,n,door,,,,,
tangeb,,n,door,,,,,
sevei,,n,eaves,,,,,
shah'tal,,n,floor,,,,,
tuhod,,n,post/s,,,,,
shingshing,,n,wall/s,,,,,
tawa,,n,window/s,,,,,
ah'mesan,,n,bathroom,,,,,
kama,,n,bed,,,,,
shuhodan,,n,bed,,,,,
kowarto,,n,bedroom/s,,,,,
tado-an,,n,cabinet,,,,,
suhong,,n,corner,,,,,
tungawan,,n,chair,,,,,
sakpalan,,n,countertop,,,,,
damesa-an,,n,"desk, table",,,,,
kosina,,n,kitchen,,,,,
tasa,,n,cup,,,,,
tastasa,,n,cups,,,,,
tinedor,,n,fork/s,,,,,
ta-ed,,n,knife/knives,,,,,
ettak,,n,big knife(bolo),,,,,
pingkan,,n,plate,,,,,
pingpingkan,,n,plates,,,,,
kudkudsara,,n,spoons,,,,,
kudsara,,n,spoon,,,,,
keh'guanan,,n,sink,,,,,
doto-an,,n,stove,,,,,
caseljas,,n,toilet,,,,,
kas-ano,,adv,how,,,,,
sah'no,,adv,how,,,,,
ayat,,n/v,love,,,,,
pilak,,n,money,,,,,
aishi,,adv,"no, none, nothing",,,,,
sahei,,adj,one,,,,,
teddo,,adj,three,,,,,
epat,,adj,four,,,,,
dima,,adj,five,,,,,
enem,,adj,six,,,,,
pito,,adj,seven,,,,,
gualo,,adj,eight,,,,,
siyam,,adj,nine,,,,,
sampolo,,adj,ten,,,,,
sampulo tan sahei,,adj,eleven,,,,,
sampolo tan shuwa,,adj,twelve,,,,,
sampolo tan teddo,,adj,thirteen,,,,,
sampolo tan epat,,adj,fourteen,,,,,
sampolo tan dima,,adj,fifteen,,,,,
sampolo tan enem,,adj,sixteen,,,,,
sampolo tan pito,,adj,seventeen,,,,,
sampolo tan gualo,,adj,eighteen,,,,,
sampolo tan siyam,,adj,nineteen,,,,,
shuwen polo,,adj,twenty,,,,,
tedon polo,,adj,thirty,,,,,
epat ta polo,,adj,forty,,,,,
dimen polo,,adj,fifty,,,,,
enema polo,,adj,sixty,,,,,
piton polo,,adj,seventy,,,,,
gualon polo,,adj,eighty,,,,,
siyama polo,,adj,ninety,,,,,
mapteng,,adj,okay,,,,,
osto,,adj,okay,,,,,
to-o,,n,"people, person",,,,,